Book ID,Book Name,Admin Type,Province,County,Address,Dynasty,Period,Edition,Volume,Author,Source,Book Year,Edition Year,TimeSpan:begin,TimeSpan:end,Longitude,Latitude,Page,Section Name,Tags,Note,Content,imageURL
"H00F5","大明一統志","一統","北京","北京","順天府","明","天順","","90卷","李賢等奉勅修.","哈佛燕京圖書館藏珍稀方志","1505","1505","1457","1464","116.3705288","39.9084747","32","1-大明一統志圖敘(圖序)","0-map","","周官詔觀事則有志詔地事則有圖故今 復為圖分置於兩畿各布政司之前又為天下總圖於首披圖而觀庻天下疆域廣輪之大了然在目如視諸掌而我  皇明一統之盛冠乎古今者垂之萬世有足徴云<pb /><img />大明一 女直 朝鮮 日本 琉球 遼東 兀良哈 山東 東岳 南京 浙江 福建 廣東 江西 河南 京師 宣府 北岳 山西 中岳 湖廣 □","https://digilib.mpiwg-berlin.mpg.de/digitallibrary/Scaler/IIIF/permanent!logart!resized!H00F5!H00F5_32.jpg/full/full/0/default.jpg"
"H00F5","大明一統志","一統","北京","北京","順天府","明","天順","","90卷","李賢等奉勅修.","哈佛燕京圖書館藏珍稀方志","1505","1505","1457","1464","116.3705288","39.9084747","33","1-大明一統志圖敘(圖序)","0-map","","<img />統之圖 西岳 廣西 安南 貴州 陜西 寧夏 北狄 四川 雲南 甘肅 哈密 西域 西蕃<pb />京師畿內 北抵 東北抵遼東界 東抵山東界 東南抵山東界 南抵河 山海關 永平府 隆慶州 京師順天府 河間府 居庸關 大名府","https://digilib.mpiwg-berlin.mpg.de/digitallibrary/Scaler/IIIF/permanent!logart!resized!H00F5!H00F5_33.jpg/full/full/0/default.jpg"
"H00F5","大明一統志","一統","北京","北京","順天府","明","天順","","90卷","李賢等奉勅修.","哈佛燕京圖書館藏珍稀方志","1505","1505","1457","1464","116.3705288","39.9084747","34","1-大明一統志圖敘(圖序)<br>1-大明一統志卷之一<br>2-京師<br>3-城池","0-map","","<img />地理之圖 沙漠 西北抵山西界 西抵山西界 西南抵河南界 □□ 保定府 廣平府 保安州 紫荊關 直定府 順徳府 宣府<pb />大明一統志卷之一  京師  古幽薊之地左環滄海右擁太行北枕居庸南襟河濟形勝甲於天下誠所謂天府之國也遼金元雖嘗於此建都然皆以夷狄入中國不足以當形勢之勝至我  太宗文皇帝乃龍潛於此及纉承大統遂建為北京而遷都焉于以統萬邦而撫四夷真足以當形勢之勝而為萬世不拔之鴻基自唐虞三代以來都會之勝未有過焉者也  城池","https://digilib.mpiwg-berlin.mpg.de/digitallibrary/Scaler/IIIF/permanent!logart!resized!H00F5!H00F5_34.jpg/full/full/0/default.jpg"
"H00F5","大明一統志","一統","北京","北京","順天府","明","天順","","90卷","李賢等奉勅修.","哈佛燕京圖書館藏珍稀方志","1505","1505","1457","1464","116.3705288","39.9084747","268","","0-map","","<img /><pb />蘇州府 松江府 淮安府 揚州府 鎮江府 常州府 徐州 南京應天府 廣德州","https://digilib.mpiwg-berlin.mpg.de/digitallibrary/Scaler/IIIF/permanent!logart!resized!H00F5!H00F5_268.jpg/full/full/0/default.jpg"
"H0165","南畿志","府","江蘇, 安徽, 上海","上海","南畿","明","嘉靖","明嘉靖間 [約1535]","64卷","陳沂等編輯 ; 聞人詮通輯.","哈佛燕京圖書館藏珍稀方志","1534","1534","1522","1566","121.48676","31.22443","18","1-南畿志總目錄(目錄)<br>1-南畿志卷之一　總志一(總志)<br>2-都城圖","0-map","","南畿志總目<pb /><img />都城圖 神烈山 姚坊門 官音門 孝陵殿 蔣廟 京畿道 大理寺 刑部 都察院 靈谷寺 金門 紅門 龍廣山 太平門 太平堤 覆守山 雞鳴寺 仙鶴門 麒麟門 平橋 朝陽門 東安門 北安門 西安門 竹橋 小教場 西八十衛 文津橋 漢府 故地 東 倉波門 𧃍角橋 大祀壇 青龍橋 銮駕庫 東城 六架 東長安 洪武門 正陽門 西長安 白虎橋 五府 鳥蛮橋 會同舘 四牌樓 復呈橋 栢川橋 通濟門 大中橋 里仁街 存義街 淮清橋 神樂観犠牲所 山川壇 玄真観象房 中和橋 通濟橋 臼院 院 武定 高橋門 上方橋 上方門 大教塲 神機营 夾岡門 雙橋門 養虎倉 徳恩寺","https://digilib.mpiwg-berlin.mpg.de/digitallibrary/Scaler/IIIF/permanent!logart!resized!H0165!H0165_18.jpg/full/full/0/default.jpg"
"H0165","南畿志","府","江蘇, 安徽, 上海","上海","南畿","明","嘉靖","明嘉靖間 [約1535]","64卷","陳沂等編輯 ; 聞人詮通輯.","哈佛燕京圖書館藏珍稀方志","1534","1534","1522","1566","121.48676","31.22443","19","1-南畿志卷之一　總志一(總志)<br>2-都城圖","0-map","","<img />傳字門 石灰山 上元門 外金門 獅子山 草鞋夾 大江 玄武湖 冊庫 十廟 司天臺 袖策門 北城 金川門 軍营 鍾阜門 盧龍観仪鳳門 國子監 新浮桥 英𩄇坊 北門橋 皷楼 鍾楼 干河 永慶寺 軍营 軍倉 鳥龍潭 清涼寺 灵英観石頭 定淮門 清江門 三汉河 中承街 中正街 上元縣 中城 盧妃巷 武斈裕民坊 下街口 朝天宮 鉄□倉 洞神宫 清平桥 舊内 内橋 應天府 會同桥 笪橋 羊市橋 北乾道 南乾道 從道桥 望仙橋 石城門 西院 珊欄門 西城 珊欄門 北河 貢 府文 大中街 玄真巷 承恩寺 鎮淮橋 聚宝門 聚宝桥 三山街 江寧縣 鉄作坊 飲虹橋 徒門橋 上浮橋 下浮橋 鳳陽基 三山門 三山橋 賽工橋 馴象門 浮橋 江東門 王公渡 江東橋 五河 上河 新江口 西天寺 雨花臺 報恩寺 南城 天界寺 碧峯寺 能仁寺 沙州圩 南 鳳䑓門 安德門 小安德門 三山 大勝関<pb />盐城 興化 秦州 海門 南江 焦山 崑山 太倉 崑山 長州 州 太湖 上海","https://digilib.mpiwg-berlin.mpg.de/digitallibrary/Scaler/IIIF/permanent!logart!resized!H0165!H0165_19.jpg/full/full/0/default.jpg"
"H0165","南畿志","府","江蘇, 安徽, 上海","上海","南畿","明","嘉靖","明嘉靖間 [約1535]","64卷","陳沂等編輯 ; 聞人詮通輯.","哈佛燕京圖書館藏珍稀方志","1534","1534","1522","1566","121.48676","31.22443","20","1-南畿志卷之一　總志一(總志)<br>2-都城圖<br>2-城關<br>2-南都紀","0-map","","<img />北 南 六合 上元 玉河 太平<pb />南畿志卷之一  總志一 大中大夫山西行太僕寺卿致仕前翰林院侍講經筵國史官陳沂  南都紀  國朝都應天其都城 大內 壇廟 山陵部臺寺府諸司苑囿非郡縣所得載者鳳陽為中都  帝鄉也事亦重焉謹據一統志京城圖志具其略於首曰南都紀  城闕  都城六朝舊城近北覆舟山去秦淮五里至楊吳","https://digilib.mpiwg-berlin.mpg.de/digitallibrary/Scaler/IIIF/permanent!logart!resized!H0165!H0165_20.jpg/full/full/0/default.jpg"
"H0165","南畿志","府","江蘇, 安徽, 上海","上海","南畿","明","嘉靖","明嘉靖間 [約1535]","64卷","陳沂等編輯 ; 聞人詮通輯.","哈佛燕京圖書館藏珍稀方志","1534","1534","1522","1566","121.48676","31.22443","84","1-南畿志卷之四　郡縣志<br>2-應天府境圖(境圖)","0-map","","<pb /><img />應天府境圖 東 大巫山 長渰 宜關界 瓦屋山 溧陽縣 小巫山 金坛界 五其山 丹陽界 丹徒界 中山 三茅山 瀨湖 廣德界 溧水渰 句容縣 亭山 同山 青山 餞真界 黃大蕩 姜石山 赤山 赤湖 西門山 溧水縣 杜成山 雷公山 宣城界 南 罔山 青龍山 上元鄉 坤烈山 攝山 凣山 瓜華山 峨眉山 北","https://digilib.mpiwg-berlin.mpg.de/digitallibrary/Scaler/IIIF/permanent!logart!resized!H0165!H0165_84.jpg/full/full/0/default.jpg"
"H0165","南畿志","府","江蘇, 安徽, 上海","上海","南畿","明","嘉靖","明嘉靖間 [約1535]","64卷","陳沂等編輯 ; 聞人詮通輯.","哈佛燕京圖書館藏珍稀方志","1534","1534","1522","1566","121.48676","31.22443","85","1-南畿志卷之四　郡縣志<br>2-應天府境圖(境圖)<br>2-應天府屬沿革(屬沿革)","0-map","","<img />西陽山 觀音山 大山 高淳湖 固城湖 牛首山 皇城上元 鷹天府 江寧 慕府山 六合縣 天長界 全橔界 黃岩山 浦子口 楊子江 三山 江寧鄒  三城湖 石臼湖 當塗界 葱姥山 烈山 江浦縣 定山 滁州界 西 和州界<pb />南畿志卷之四  郡縣志  應天府属沿革  應天古揚州之域天文在斗宿之次在周為吳春秋末為越築城於長干楚滅越有其地始置金陵邑秦攺秣陵縣屬彰郡漢初封韓信屬楚國後封諸王為荊吳江都三國武帝初置剌史屬丹陽郡東漢末孫權自京口徙治秣陵攺建鄴定都為吳𣈆平吳為丹陽郡徙揚州治攺建","https://digilib.mpiwg-berlin.mpg.de/digitallibrary/Scaler/IIIF/permanent!logart!resized!H0165!H0165_85.jpg/full/full/0/default.jpg"
"H0165","南畿志","府","江蘇, 安徽, 上海","上海","南畿","明","嘉靖","明嘉靖間 [約1535]","64卷","陳沂等編輯 ; 聞人詮通輯.","哈佛燕京圖書館藏珍稀方志","1534","1534","1522","1566","121.48676","31.22443","229","1-南畿志卷之八　郡縣志五<br>2-鳳陽府圖(圖)","0-map","","<pb /><img />鳳陽府圖  東  祖陵 泗州 盰胎 天長 虹縣 五河 臨淮 楊玉墳 龍飛基  濠梁 淮水 鳳陽府 皇城 皇陵 定遠 南","https://digilib.mpiwg-berlin.mpg.de/digitallibrary/Scaler/IIIF/permanent!logart!resized!H0165!H0165_229.jpg/full/full/0/default.jpg"
"H0165","南畿志","府","江蘇, 安徽, 上海","上海","南畿","明","嘉靖","明嘉靖間 [約1535]","64卷","陳沂等編輯 ; 聞人詮通輯.","哈佛燕京圖書館藏珍稀方志","1534","1534","1522","1566","121.48676","31.22443","230","1-南畿志卷之八　郡縣志五<br>2-鳳陽府圖(圖)<br>2-鳳陽府屬沿革(屬沿革)","0-map","","<img />靈璧 長淮衛 塗山 八公山 宿州 懷遠夀州 霍丘 䝉城 荊山 毫州 太和 頴州 上頴 西<pb />南畿志卷之八  郡縣志五  鳳陽府屬沿革  鳳陽古徐揚豫三州之域天文房心斗牛之次府治在淮南為揚州之域古塗山氏之國春秋鍾離子國戰國屬楚秦屬九江郡漢初置鍾離縣更郡爲淮南國元狩元年復屬九江郡東漢爲鍾離侯國晉改屬淮南郡又屬南徐州劉宋  屬南兗州後置北徐州治鍾離北齊爲西楚州","https://digilib.mpiwg-berlin.mpg.de/digitallibrary/Scaler/IIIF/permanent!logart!resized!H0165!H0165_230.jpg/full/full/0/default.jpg"
"H0059","上海縣志","縣","上海","南市","上海縣","明","嘉靖","鄭洛書修版","8卷","高企","哈佛燕京圖書館藏珍稀方志","1534","1932","1522","1566","121.473701","31.230416","12","","0-map","","上海縣志目錄<pb /><img />上海縣境圖 海  南蹌巡檢司 下沙三塲 下沙二塲 三林莊巡檢司 南滙觜千戸所 下沙塲 黃河 縣治 龍華港 黃浦巡檢司","https://digilib.mpiwg-berlin.mpg.de/digitallibrary/Scaler/IIIF/permanent!logart!resized!H0059!H0059_12.jpg/full/full/0/default.jpg"
"H0059","上海縣志","縣","上海","南市","上海縣","明","嘉靖","鄭洛書修版","8卷","高企","哈佛燕京圖書館藏珍稀方志","1534","1932","1522","1566","121.473701","31.230416","13","","0-map","","<img />吳淞江 吳淞江巡檢司 蒲滙塘 新涇巡檢司 簳山 福泉 唐行倉 大盈浦 趙北浦 北曹港 南曹港<pb />上海縣市圖 新洲 順齊廟 北馬頭 南馬頭 接官亭 接官亭 社學 舊社學基 社學 濟農倉 水次倉 察院 稅課局 水僊宫 巡撫行臺 儒學 仰高祠 社學 四牌樓街 中旌","https://digilib.mpiwg-berlin.mpg.de/digitallibrary/Scaler/IIIF/permanent!logart!resized!H0059!H0059_13.jpg/full/full/0/default.jpg"
"H0059","上海縣志","縣","上海","南市","上海縣","明","嘉靖","鄭洛書修版","8卷","高企","哈佛燕京圖書館藏珍稀方志","1534","1932","1522","1566","121.473701","31.230416","14","1-卷之一<br>2-總敍第一(總序)","0-map","","<img />□鋪 明亭 □亭 縣治 惠民藥局 社學 城隍廟 府館 □□壇 山川壇 義冡 三牌樓街 演武塲 積善□ 廣福寺 養濟院 義冡 晏公廟 義冡 義冡 社稷壇<pb />上海縣志卷之一  總敘  上海爲松江屬縣其地古揚州之域春秋爲吳爲越爲楚秦漢爲會□□吳郡孫吳時爲陸氏矦封始有華亭之名至唐天寶十年始縣華亭此曰華亭海迨宋末人煙浩穰海舶輻輳卽其地立市舶提舉司及榷貨塲爲上海鎭元至元二十九年割華亭長人高昌北亭新江海隅五鄕爲縣據錢全袞續松江志以爲從知府僕散翰文之請唐時措縣治記又謂請自參政冀公曰上海者以居海之上洋也分野於吳爲斗疆","https://digilib.mpiwg-berlin.mpg.de/digitallibrary/Scaler/IIIF/permanent!logart!resized!H0059!H0059_14.jpg/full/full/0/default.jpg"
"H00F9","全遼志","省","遼寧","遼陽","遼東都指揮使司","清","嘉慶","據明嘉靖44 [1565] 刋本油印","6卷","陳絳, 李輔","哈佛燕京圖書館藏珍稀方志","1544","1934","1796","1820","123.118284","41.2707726","19","1-卷之一<br>2-圖考 星野附(圖考)","0-map","","<img />全遼 東北到開元邊境三百四十里東南到朝鮮國一千七百七十里 撫順國 鴉鶻關 同夷關  東州堡 大興堡  松山堡 撫安堡 散年峪堡 威寧營堡 一堵墻堡 新興堡  廣順關 靜安堡 白家沖堡 □楊堡  紫河堡 三叉山兒堡  會安堡 朗山堡 險山  威遠堡 險山堡  清河 撫順城 黃山 振東堡  鎮北關 鎮北堡 虎頭山 柴河 馬根草堡 人佃堡  大馬市 大灰山 奉集堡 寧東堡  清陽堡 開藥成 龍鴛山 鳳凰山 鳳凰堡  鎮夷堡 中固 汎河所 連山 湯站堡  永寧堡 裡河渡 洒鳥吉堡 五里河  古城堡 鎮夷堡  大馬市 鐵嶺城 渾河渡 草河堡 舳岩堡<pb />慶雲堡 湯河 青口峪堡  定遠堡 新安堡  鎮西堡 懿路 白塔河 幹羅山 响水堡 杓六河  普達堡 遼陽城 千山  泥潛河 潘陽城 虎皮駅  太子河  宋家堡 武清堡 鞍山駅  丁家泊堡 月牙堡 灶尖山  十方寺堡 二榆林堡 蓮花泊 長安堡 海州城 蓋州城 沙河 黑山  手盧堡 長營堡 長定堡 耀州駅 得利山 黃谷島堡  長勇堡 長勝堡 長寧堡 熊岳駅 鐵鍋山  長靜堡 東昌堡 五十客駅 香山 昂□堡  東勝堡 馬圈堡 璽河 復州城 紅嘴堡 □□堡  三岔河 孟家川 盧場堡  總圖 南渡海 水路約五百里 到山東登州府 一千二百五十里到 西寧堡 西豐堡 羊倌堡 齋古駅 石河駅","https://digilib.mpiwg-berlin.mpg.de/digitallibrary/Scaler/IIIF/permanent!logart!resized!H00F9!H00F9_19.jpg/full/full/0/default.jpg"
"H00F9","全遼志","省","遼寧","遼陽","遼東都指揮使司","清","嘉慶","據明嘉靖44 [1565] 刋本油印","6卷","陳絳, 李輔","哈佛燕京圖書館藏珍稀方志","1544","1934","1796","1820","123.118284","41.2707726","20","1-卷之一<br>2-圖考 星野附(圖考)","0-map","","<img />全遼  南京三千四十里 西興堡  平澤橋堡 金州城  鎮遠堡 鎮平堡 木場駅  鎮安堡 鎮寧堡 路河 旅順堡  鎮靜堡 鎮武堡 北旅順堡  鎮邊堡 羊腸河 盤山駅  鎮夷堡 鐵場堡  大清堡 細河 廣寧城 楊郎河 枯凌河  大靜堡 雷巫閭山 莊鎮堡 閭陽駅 牛角山 石屯衙  大寧堡 水清堡 索馬嶺  大順堡 通夷堡 一十三山駅  大平堡 索馬嶺駅 大凌河所  大康堡 木市 義州城 清河 歸安堡  大安堡 土臣河 中龍 松山所 小凌河駅<pb />總圖  大定堡  大歲堡 大興堡  大勝堡 香山駅  大鎮堡 中龍所 首山  大福堡 椵木沖堡 連山駅 五里河  長嶺山堡  汝河堡 日塔峪山堡 寧遠城 曹莊駅  瓜山堡 松山卉堡 寨思山堡 興水縣堡 女兒河  小團山堡 中石所  仙靈寺堡 東關駅 六州河  里莊家堡 錦川營堡 大沙河 中後所  新興憲堡 沙河駅  二道溝堡 高白堡 石子河  瑞昌堡 前屯衙  平川營木 急水河  大山營木 高山嶺駅  西到山海關一千一十五里到北京一千七百里 鐵場堡 山海關 中前所 鎮遠木","https://digilib.mpiwg-berlin.mpg.de/digitallibrary/Scaler/IIIF/permanent!logart!resized!H00F9!H00F9_20.jpg/full/full/0/default.jpg"
"H00F9","全遼志","省","遼寧","遼陽","遼東都指揮使司","清","嘉慶","據明嘉靖44 [1565] 刋本油印","6卷","陳絳, 李輔","哈佛燕京圖書館藏珍稀方志","1544","1934","1796","1820","123.118284","41.2707726","22","1-卷之一<br>2-圖考 星野附(圖考)","0-map","","<img />遼陽鎮  東南到鴨綠江五百三十里 東至清河邊境三百五十里 東南到東海萬羅島峯七百里  東北到建州堯營七百九十里 奉家堡 臭柳河 罕見嶺 平頂山 東到鴨綠江五百三十里  山柳舖 彌陀山 石城 甜水沾 連山  爛泥舖  沙河 接官亭舖  渾河 虎皮駅 龍王廟 湯河 東石明 頭官站 響水河  沙河 朝鮮館 疙疸寺  北至開元二 北壇 遼 南壇 釣魚台 南至旅順海口<pb />百四十里 代子河 陽城 祖越寺 中會寺 七百三十里  千山 窟龍山  紙房墩 龍泉寺 香岩山  臥防墩 廣祐寺 西会寺 關王廟 西壇 在城駅 遞運所 首山舖 沙河舖 鞍山墩  首山墩 長店舖 鞍山駅  月河墩 長安堡 長定堡 學田 船城  北到開原境外歸仁縣四百五十里 西北到大寧八百六十里 西長安邊境五十里 西到廣寧三百六十里 西南到海州一百二十里","https://digilib.mpiwg-berlin.mpg.de/digitallibrary/Scaler/IIIF/permanent!logart!resized!H00F9!H00F9_22.jpg/full/full/0/default.jpg"
"H00F9","全遼志","省","遼寧","遼陽","遼東都指揮使司","清","嘉慶","據明嘉靖44 [1565] 刋本油印","6卷","陳絳, 李輔","哈佛燕京圖書館藏珍稀方志","1544","1934","1796","1820","123.118284","41.2707726","23","1-卷之一<br>2-圖考 星野附(圖考)","0-map","","<img />遼陽鎮  東  東寧倉 前衙倉 東獄廟 副統兵府 上帝廟 文廟 儒學 中衙  定遠前庫 鼓樓 司獄司 中衛倉  北 前衛 舊分守道 都司 龍衛倉 南<pb />城圖  東寧衛 後衛倉 苑馬寺 都察院 兵俑道  華表柱 察院  鐘樓 分巡道  後街 稅課司 太廣寺 龍衛  城隍廟 分守道 書院  自在州 武書院 右衛倉 右衛 神機庫  西","https://digilib.mpiwg-berlin.mpg.de/digitallibrary/Scaler/IIIF/permanent!logart!resized!H00F9!H00F9_23.jpg/full/full/0/default.jpg"
"H00F9","全遼志","省","遼寧","遼陽","遼東都指揮使司","清","嘉慶","據明嘉靖44 [1565] 刋本油印","6卷","陳絳, 李輔","哈佛燕京圖書館藏珍稀方志","1544","1934","1796","1820","123.118284","41.2707726","28","1-卷之一<br>2-圖考 星野附(圖考)","0-map","","<img />海州衛  東北到甜水站西三百四十里 東到海際三百里 東至鳳凰城界一百五十里 東南到臨江三百八十里 南到蓋州衛一百二十里  鐵場 木查河 小片嶺墩 大片嶺墩 松駝墩 析木縣  麻岸墩 土河舖 關王廟 白山墩  關王廟 海州衛 龍王廟  雙墩 在城駅 龍台舖  遼遂縣 牛莊駅 乾清宮 塔山舖  北至遼陽 散水河 北古城 廣信舖 分水舖 南至蓋州<pb />境圖  界六十里 牛莊舖 橋頭舖 界九十里  楊家墩 西古城 李蘭舖  天妃廟 耀州駅  北古城  西古城 鎮海堡  三官廟 鹽場  西興堡 西六平堡 桃花島  北到遼陽一百二十里 西北到遼河一堵墻一百二十里 西至廣寧界一百二十里 西到廣寧三百四十里 西南到梁房海口九十里","https://digilib.mpiwg-berlin.mpg.de/digitallibrary/Scaler/IIIF/permanent!logart!resized!H00F9!H00F9_28.jpg/full/full/0/default.jpg"
"H00F9","全遼志","省","遼寧","遼陽","遼東都指揮使司","清","嘉慶","據明嘉靖44 [1565] 刋本油印","6卷","陳絳, 李輔","哈佛燕京圖書館藏珍稀方志","1544","1934","1796","1820","123.118284","41.2707726","30","1-卷之一<br>2-圖考 星野附(圖考)","0-map","","<img />蓋州衛  北到海□衛一百一十里 東北到排山寨九十九里 東至岫嚴二百五十里 東到鴨綠江五百三十里 東南到臨江三百里  杓子河  分水嶺墩  松觀山墩 上哈塔山墩 清泉墩 五十寨駅  李羅鍋山墩 新安舖  靜海寺 石城山墩 教場 南壇 □子舖  北至索羅 石城舖 榆林舖 熊岳舖 南至八家舖<pb />境圖  舖三十里 北壇 蓋州城 在城駅 鍋頭鋪 一百七十里  平山堡 鐵場  成角湖堡 觀家山墩  梁房口堡 白狼山墩 崇鞍寺  梁房口墩 娘娘廟 龍王廟 伴心山墩 深井墩 歸州墩 葦子套墩  西北到梁房口九十里 西道連雲島一十五里 西至梅十里 西南到葦子套一百三十里 南到復州衞二百八十五里","https://digilib.mpiwg-berlin.mpg.de/digitallibrary/Scaler/IIIF/permanent!logart!resized!H00F9!H00F9_30.jpg/full/full/0/default.jpg"
"H00F9","全遼志","省","遼寧","遼陽","遼東都指揮使司","清","嘉慶","據明嘉靖44 [1565] 刋本油印","6卷","陳絳, 李輔","哈佛燕京圖書館藏珍稀方志","1544","1934","1796","1820","123.118284","41.2707726","32","1-卷之一<br>2-圖考 星野附(圖考)","0-map","","<img />東北到蓋州衛一百八十里 北到畢里河二百一十里 東至東海岸二百四十里 東至東海岸二百四十里 東南到胡十八寨八十里  柳子河 萬灘山  畢里河  魏霸城 欒古山  平頂山 石林子山 麻河舖  得利瀛城 沙河 欒古山墩 沙河舖 欒古舖  龍土山墩 明山 富州堡 城南舖 龍王廟  石碑 晏公廟 遞運所在城駅 南壇 欒古駅  八里舖 觀王堂 響山  窖河 復州城 沙河墩 石河駅  北至八家舖蓋州 花山 南至古城舖金州<pb />境圖  衛界一十里 壇 橫山縣 古城堡 衛界八十五里  西壇 臨溪堡 松山墩 香山  駱駝山 石家馬墩 北青海墩 秀山 中島  駱駝墩 鹽場 北青海口  娘娘廟  饅頭山 屏凰島 長生島 塔山  西北到老鴉島四十里 西道西海岸四十五里 西至西海岸四十五里 西南到金州衛二百八十里 西南到北青海口四十五里","https://digilib.mpiwg-berlin.mpg.de/digitallibrary/Scaler/IIIF/permanent!logart!resized!H00F9!H00F9_32.jpg/full/full/0/default.jpg"
"H016F","宣府鎮志","鎮","河北","張家口","宣府鎮","明","隆慶","明嘉靖刻，隆情增修本","四十二卷","明孫世芳纂修.","哈佛燕京圖書館藏珍稀方志","1561","1561","1567","1572","115.100944","40.4939469","19","1-宣府疆域之圖(疆域之圖)","0-map","","<img />域之图 和界今长城 舊興和 常峪 葛峪  宣府鎮城 保安州城 保定府界 青邉 羊房 深井 膳房 張家口 萬全左 廣昌所 新開口 萬全右 紫溝堡 懷安 順聖東 黑石嶺 新河口 洗馬林 渡口 西陽洞 李信屯 順聖西 蔚州衛 西北舊東勝 界今長城 正西山西大同府界 馬関界 西南倒<pb />宣鎮山 舊開平即元上都 朶顔別部住牧 東 圑山 永寧縣 皇陵 毡帽 襡石 東河 東南入濟州河 大海陀山 溪河 隆慶州 居庸關 清水河 □川 棒棰峪 □來 白羊石 縉山 馬鞍山 小白陽 大白陽 泥河 隆門関 雞鳴山 □入□□河 水□","https://digilib.mpiwg-berlin.mpg.de/digitallibrary/Scaler/IIIF/permanent!logart!resized!H016F!H016F_19.jpg/full/full/0/default.jpg"
"H016F","宣府鎮志","鎮","河北","張家口","宣府鎮","明","隆慶","明嘉靖刻，隆情增修本","四十二卷","明孫世芳纂修.","哈佛燕京圖書館藏珍稀方志","1561","1561","1567","1572","115.100944","40.4939469","20","1-宣府疆域之圖(疆域之圖)","0-map","","<img />水之圖 萬峪 宣府 保安州 □山 古興和 饅頭山 棠峪口 黃羊山 倒剌 □□山 萬全左衛 丁寧口 順□□城 野狐嶺 柴溝堡 鰲魚山 九宫山 洗馬林 裦山 西陽河 柳河 順聖西城 蔚州 洋河 西河口 盤崖山 桑乾河 高是山 滋山 石門山 西<pb />通大舉宼隆門関等處 雞鳴驛 小白陽堡 橾守 水関 通大舉宼大白陽等䖏 隆門關 操守 大白楊堡 橾守 通大舉□川堡  趙 保安州 守備","https://digilib.mpiwg-berlin.mpg.de/digitallibrary/Scaler/IIIF/permanent!logart!resized!H016F!H016F_20.jpg/full/full/0/default.jpg"
"H00C2","雲南通志","省","雲南","昆明","雲南省","明","萬曆","民國23年[1934]重印版","17卷","李元陽纂 ; 鄒應龍修","哈佛燕京圖書館藏珍稀方志","1574","1934","1573","1619","101.3431058","24.4752847","13","1-卷之一<br>2-地理志第一之一(地理)<br>3-地圖","0-map","","地圖<ls >總部地圖 雲南府圖 大理府圖 臨安府圖 永昌府圖 楚雄府圖 曲靖府圖 溦江府圖 蒙化府圖 鶴慶府圖 姚安府圖 廣西府圖 尋甸府圖 武定府圖 景東府圖 元江府圖 麗江府圖 廣南府圖 順寧府圖 永寧府圖 鎭沅府圖 北勝州圖 新化州圖 星野圖</ls><pb />雲南布政司總地圖 第二<img />東北到貴州界 東至貴州普安州界 北至 東南到廣西界 南至 貴州界 布佐縣 冨州 羅雄州 師富州 霑益州 曲靖府 六涼州 廣西府 廣南府 尋甸府 馬龍州 宜良縣 路南州 彌勒州 維摩州 溦江府 寧州 阿迷州 䝉自縣 嵩明州 呈貢縣 陽宗縣 通海縣 歸化縣 江川縣 臨安府 馬湖府 四川界 晉寧州 河西縣 石屏州 建昌 䘵勸州 富民縣 布政司 雲南府 滇池 新興州 昆陽州 嶍峨縣 塩井 武定府 三泊縣 新化州 元江府","https://digilib.mpiwg-berlin.mpg.de/digitallibrary/Scaler/IIIF/permanent!logart!resized!H00C2!H00C2_13.jpg/full/full/0/default.jpg"
"H00C2","雲南通志","省","雲南","昆明","雲南省","明","萬曆","民國23年[1934]重印版","17卷","李元陽纂 ; 鄒應龍修","哈佛燕京圖書館藏珍稀方志","1574","1934","1573","1619","101.3431058","24.4752847","14","1-卷之一<br>2-地理志第一之一(地理)<br>3-地圖","0-map","","<img />川界 西北到吐蕃界 西至僰夷界 西南到南海岸 阯界 蒗蕖州 永寧府 北勝州 順川 寶山州 金沙江 元謀縣 和曲州 羅次縣 䘵豐縣 易門縣 威遠州 𥔲嘉縣 定遠縣 大姚縣 姚安府 楚雄府 鎮南州 雲南縣 廣通縣 南安州 鎮沅府 景東府 定邊縣 大候州 鶴慶府 麗江府 巨津州 臨西縣 鄧川州 浪穹縣 劍川州 蘭州 大理府 趙州 順寧府 䝉化府 鎮康州 永平縣 孟定府 永昌府 彎甸州 雲龍州 騰越州 隴川 西畨界 潞江 南甸 干崖 西金沙江 孟養 西南海<pb />雲南府地圖 三<img />東北二百三十里到馬龍州界 東至溦江府路南州界 東南四百二十里到廣西府界 南至溦江 北至尋 楊林驛 宜良縣 赤水廵檢司 湯池廵檢司 赤水□廵檢司 嵩明州 板橋驛 金馬山 邵甸 呈貢縣 歸化縣 昆明縣 省城 雲南府 河泊所","https://digilib.mpiwg-berlin.mpg.de/digitallibrary/Scaler/IIIF/permanent!logart!resized!H00C2!H00C2_14.jpg/full/full/0/default.jpg"
"H00C2","雲南通志","省","雲南","昆明","雲南省","明","萬曆","民國23年[1934]重印版","17卷","李元陽纂 ; 鄒應龍修","哈佛燕京圖書館藏珍稀方志","1574","1934","1573","1619","101.3431058","24.4752847","15","1-卷之一<br>2-地理志第一之一(地理)<br>3-地圖","0-map","","<img />甸府界 府河陽縣界 西北二百二十里到武定府界 西至楚雄府廣通縣界 西南一百七十里到溦江府川縣界 清水池廵檢司 滇池 昆陽州 富民縣 溫泉 碧雞 安寧州 三泊縣 鹽井 羅次縣 禄賬驛 易門縣 陳家堡 祿豐縣 易門所<pb />大理府地圖 四<img />東北三百九十里到北勝州界 東至姚安府姚州界 東南二百七十里到姚安府普淜驛 南至䝉 北至鶴 浪穹縣 赤石崖 三崇山 雲龍州 鳳羽鄉 鄧川縣 雞足山 上□ 乾海","https://digilib.mpiwg-berlin.mpg.de/digitallibrary/Scaler/IIIF/permanent!logart!resized!H00C2!H00C2_15.jpg/full/full/0/default.jpg"
"H00C2","雲南通志","省","雲南","昆明","雲南省","明","萬曆","民國23年[1934]重印版","17卷","李元陽纂 ; 鄒應龍修","哈佛燕京圖書館藏珍稀方志","1574","1934","1573","1619","101.3431058","24.4752847","16","1-卷之一<br>2-地理志第一之一(地理)<br>3-地圖","0-map","","<img />慶府界 化府界 西北五百九十里到永昌上江寨 西至永昌府水平縣界 西南三百四十里到順寧府界 大理府 太和縣 下關 天生橋 趙州 十二關 雲南縣<pb />臨安府地圖 五<img />東北三百里到廣西府界 東至維摩州界 東南八百五十里到交阯水尾縣 北至溦 南至寧 寧州 江 教化長官司 王弄長官司 阿迷州 曲江驛 海 通河縣 新安千戶所 蒙目縣 河西縣 建水州 臨安府 納更山廵檢司","https://digilib.mpiwg-berlin.mpg.de/digitallibrary/Scaler/IIIF/permanent!logart!resized!H00C2!H00C2_16.jpg/full/full/0/default.jpg"
"H00C2","雲南通志","省","雲南","昆明","雲南省","明","萬曆","民國23年[1934]重印版","17卷","李元陽纂 ; 鄒應龍修","哈佛燕京圖書館藏珍稀方志","1574","1934","1573","1619","101.3431058","24.4752847","17","1-卷之一<br>2-地理志第一之一(地理)<br>3-地圖","0-map","","<img />江府界 西北五百八十里到楚雄府界 西至元江府界 西南三百八十里到祿谷寨長官司 遠州界 嶍峨縣 臨安衛 儒學 石屏州 納樓長官司 □容長官司 溪處長官司 左能長官司 禮杜江 長官司 落恐長官司<pb />永昌府地圖 六<img />東北三百二十里到䝉化府界 東至䝉化府界 東南四百八十里到順寧府界 北至大理 南至灣 五井 打牛坪 蘭滄江 永平禦 永平縣 喧寨 鳳溪長官司 沙水和 驛堡司 霽虹橋 □頭関 金歯驛 教場","https://digilib.mpiwg-berlin.mpg.de/digitallibrary/Scaler/IIIF/permanent!logart!resized!H00C2!H00C2_17.jpg/full/full/0/default.jpg"
"H00C2","雲南通志","省","雲南","昆明","雲南省","明","萬曆","民國23年[1934]重印版","17卷","李元陽纂 ; 鄒應龍修","哈佛燕京圖書館藏珍稀方志","1574","1934","1573","1619","101.3431058","24.4752847","18","1-卷之一<br>2-地理志第一之一(地理)<br>3-地圖","0-map","","<img />府雲龍州界 西北五百三十里到五井提舉司界 西至隴川宣撫司界 西南五百八里到甸撫司界 甸州界 儒學 永昌府 永昌衛 保山縣 龍川江 潞江 金歯廵檢司 水□関廵檢司 潞江驛 蒲縹驛 施甸 騰越州 騰衝衛 龍川江廵司 潞江安撫司 施甸長官司 廵檢司 疊水河 三宣撫司界 蛮市長官司 順寧<pb />楚雄府地圖 七<img />東北三百二十里到武定府元謀縣界 東至雲南府祿豐縣界 東南三百五十里到雲南府昆陽 州界 北至姚安 南至元江 捨資驛 𥔲嘉縣 廣通縣 黑鹽井 四路關 定遠縣","https://digilib.mpiwg-berlin.mpg.de/digitallibrary/Scaler/IIIF/permanent!logart!resized!H00C2!H00C2_18.jpg/full/full/0/default.jpg"
"H00C2","雲南通志","省","雲南","昆明","雲南省","明","萬曆","民國23年[1934]重印版","17卷","李元陽纂 ; 鄒應龍修","哈佛燕京圖書館藏珍稀方志","1574","1934","1573","1619","101.3431058","24.4752847","19","1-卷之一<br>2-地理志第一之一(地理)<br>3-地圖","0-map","","<img />軍民府界 西北四百四十里到趙州雲南縣界 西至景東府界 西南四百五十里到䝉化府界 軍民府界 楚雄府縣 長山 羅平關 吕合驛 定邊縣 沙勒江 鎮南州 會基關 沙橋驛 黃蓮池 新田驛<pb />曲靖軍民地圖 八<img />東北三百七十里到烏撒府界 東至貴州普安州界 東南三百六十里到師宗州界 北至四川烏 南至廣 定南堡 霑益州 羅雄州 炎方驛 亦佐縣 松稍關 松林驛 太平橋 朗㫖寺 交水龍場 報恩寺 龍潭河 阿障橋 赿州衛 白石江","https://digilib.mpiwg-berlin.mpg.de/digitallibrary/Scaler/IIIF/permanent!logart!resized!H00C2!H00C2_19.jpg/full/full/0/default.jpg"
"H00C2","雲南通志","省","雲南","昆明","雲南省","明","萬曆","民國23年[1934]重印版","17卷","李元陽纂 ; 鄒應龍修","哈佛燕京圖書館藏珍稀方志","1574","1934","1573","1619","101.3431058","24.4752847","20","1-卷之一<br>2-地理志第一之一(地理)<br>3-地圖","0-map","","<img />撒軍民府界 西北一百八十里到尋甸府界 西至尋甸府界 西南二百里到溦江府界 西府界 武侯祠 南寧衛 潚湘江 橋頭 曲靖府 教場 曲靖衛 石宝寺 書院 南寧驛 勝峯寺 三岔關 六凉州 響水 陸凉衛 馬隆所 馬隆州<pb />溦江府地圖 九<img />東北二百四十里到曲靖府陸凉州界 東至廣西府彌勒州界 東南二百里到臨安府寧州界 北至雲南 南至臨安 路南州 慕場 陽宗縣 東街□府 鳳祥寺 儒學 橅","https://digilib.mpiwg-berlin.mpg.de/digitallibrary/Scaler/IIIF/permanent!logart!resized!H00C2!H00C2_20.jpg/full/full/0/default.jpg"
"H00C2","雲南通志","省","雲南","昆明","雲南省","明","萬曆","民國23年[1934]重印版","17卷","李元陽纂 ; 鄒應龍修","哈佛燕京圖書館藏珍稀方志","1574","1934","1573","1619","101.3431058","24.4752847","21","1-卷之一<br>2-地理志第一之一(地理)<br>3-地圖","0-map","","<img />府宜良縣界 西北四十里到雲南府歸化縣界 西至雲南府晉寧州界 西南一百八十里到臨安府河西縣界 府寧州界 河陽縣 湖 孤山 海門橋 十里亭 三関 西街 星雲湖 関索嶺 鐵□関 新興州 江川縣<pb /><img />䝉化府地圖 東北一百三十里到雲南縣界 東至大理府趙州界 東南一百里到定邊縣界 北至大理府 南至楚 迷渡廵檢司 隆慶関 玄珠觀 沙難消 圓覺寺 伏虎寺 棋盤山 龍王廟 土主廟 日逰山 三臺巔哨 甸頭舖 甸頭廵檢司 甸頭橋 甸中舖 盟石庙 開南驛 演武亭 稅課司 䝉化府 䝉化衛 巍寶山 陽江 甸尾廵檢司 書院","https://digilib.mpiwg-berlin.mpg.de/digitallibrary/Scaler/IIIF/permanent!logart!resized!H00C2!H00C2_21.jpg/full/full/0/default.jpg"
"H00C2","雲南通志","省","雲南","昆明","雲南省","明","萬曆","民國23年[1934]重印版","17卷","李元陽纂 ; 鄒應龍修","哈佛燕京圖書館藏珍稀方志","1574","1934","1573","1619","101.3431058","24.4752847","22","1-卷之一<br>2-地理志第一之一(地理)<br>3-地圖","0-map","","<img />太和縣界 西北三百八十里到永平縣界 西至順寧府界 西南四百里到大俟州界 府定邊縣界 䝉城橋 龍玗圖山 四十橋 天耳山 鳥吊山 雲隱寺 崑侖山 石母 備溪江廵檢司 樣備廵司 備溪江 樣備橋 闌滄江<pb />鶴慶軍民府地圖 十一<img />東北四百八十到蒗蕖州界 東至北勝州界 東南一百六十里到北勝州界 北至麗江 南至鄧川州 剱川州 青龍潭 西龍潭 白龍潭 西山庙 豸角山 儒學 倉","https://digilib.mpiwg-berlin.mpg.de/digitallibrary/Scaler/IIIF/permanent!logart!resized!H00C2!H00C2_22.jpg/full/full/0/default.jpg"
