Book ID,Book Name,Admin Type,Province,County,Address,Dynasty,Period,Edition,Volume,Author,Source,Book Year,Edition Year,TimeSpan:begin,TimeSpan:end,Longitude,Latitude
"H00F4","天下一統志","一統","北京","北京","順天府","明","天順","","90卷","李賢等奉勅修.","哈佛燕京圖書館藏珍稀方志","1461","1735","1457","1464","116.3705288","39.9084747"
"H00F5","大明一統志","一統","北京","北京","順天府","明","天順","","90卷","李賢等奉勅修.","哈佛燕京圖書館藏珍稀方志","1505","1505","1457","1464","116.3705288","39.9084747"
"H016D","嘉善縣志","縣","浙江","嘉興","嘉善縣","明","正德","明正德丁丑[1517]修.","6卷","倪璣等纂修.","哈佛燕京圖書館藏珍稀方志","1517","1517","1506","1521","120.917221","30.843824"
"H0163","雍大記","州","陝西","西安","雍州","明","嘉靖","","三十六卷","何景明撰.","哈佛燕京圖書館藏珍稀方志","1522","1522","1522","1566","108.90698","34.24642"
"H0059","上海縣志","縣","上海","南市","上海縣","明","嘉靖","鄭洛書修版","8卷","高企","哈佛燕京圖書館藏珍稀方志","1534","1932","1522","1566","121.473701","31.230416"
"H0165","南畿志","府","江蘇, 安徽, 上海","上海","南畿","明","嘉靖","明嘉靖間 [約1535]","64卷","陳沂等編輯 ; 聞人詮通輯.","哈佛燕京圖書館藏珍稀方志","1534","1534","1522","1566","121.48676","31.22443"
"H00F9","全遼志","省","遼寧","遼陽","遼東都指揮使司","清","嘉慶","據明嘉靖44 [1565] 刋本油印","6卷","陳絳, 李輔","哈佛燕京圖書館藏珍稀方志","1544","1934","1796","1820","123.118284","41.2707726"
"H0146","喬三石耀州志","州","陝西","銅川","耀州","明","嘉靖","","十一卷","喬世寧, 李廷寶撰.","哈佛燕京圖書館藏珍稀方志","1557","1762","1522","1566","108.5602814","35.0630501"
"H016F","宣府鎮志","鎮","河北","張家口","宣府鎮","明","隆慶","明嘉靖刻，隆情增修本","四十二卷","明孫世芳纂修.","哈佛燕京圖書館藏珍稀方志","1561","1561","1567","1572","115.100944","40.4939469"
"H00C2","雲南通志","省","雲南","昆明","雲南省","明","萬曆","民國23年[1934]重印版","17卷","李元陽纂 ; 鄒應龍修","哈佛燕京圖書館藏珍稀方志","1574","1934","1573","1619","101.3431058","24.4752847"
"H00F6","大明一統志輯錄","一統","北京","北京","順天府","明","萬曆","","2卷","張應圖纂集 ; 林文豐校正.","哈佛燕京圖書館藏珍稀方志","1576","1576","1573","1619","116.3705288","39.9084747"
"H0166","大明一統志","一統","北京","北京","順天府","明","萬曆","[歸仁齋楊氏刊, 萬曆戊子]","90卷","李賢等奉勅撰","哈佛燕京圖書館藏珍稀方志","1588","1588","1573","1619","116.368","39.93143"
"H0169","恩縣續志","縣","山東","德州","恩縣","明","萬曆","清順治 [i.e. between 1644 and 1660] 修補印本","5卷","孫居相纂修 ; 雷金聲編輯","哈佛燕京圖書館藏珍稀方志","1598","1660","1573","1619","116.275787","37.151123"
"H0161","齊雲山志","山水","安徽","黃山","齊雲山","明","萬曆","","五卷","魯點編.","哈佛燕京圖書館藏珍稀方志","1599","1599","1573","1619","118.044932","29.814802"
"H00F8","西湖志摘粹補遺奚囊便覽","山水","浙江","杭州","西湖","明","萬曆","","12卷","高應科編 ; 陳有孚校正.","哈佛燕京圖書館藏珍稀方志","1601","1601","1573","1619","120.1258987","30.2430439"
"H0167","普陀山志","山水","浙江","舟山","普陀山","明","萬曆","太監張隨, 明萬曆 [i.e. 1573 between 1619]","五卷","周應賓纂輯 ; 沈泰鴻等校.","哈佛燕京圖書館藏珍稀方志","1607","1607","1573","1619","122.3666234","29.9876443"
"H0164","太原府志","府","山西","太原","太原府","明","萬曆","","4卷","張慎言纂 ; 關廷訪修. 太原府志 : 四卷 / 佚名纂.","哈佛燕京圖書館藏珍稀方志","1612","1654","1573","1619","112.56483","37.87375"
"H016A","朔方新志","縣","寧夏","銀川","寧夏衛","明","萬曆","明萬曆45 [1617]刻 (清康熙初年[i.e. between 1662 and 1677] 增修","五卷","楊壽纂修 ; 黃機等編輯.","哈佛燕京圖書館藏珍稀方志","1617","1677","1573","1619","106.4577406","38.4748496"
"H0168","武夷志略","山水","福建","南平","武夷山","明","萬曆","萬曆巳未仲冬晉江東衙發刻崇安孫世昌梓行 ; 載德堂藏板","4卷","徐表然纂輯","哈佛燕京圖書館藏珍稀方志","1619","1619","1573","1619","117.4558275","27.5330622"
"H00F3","武夷志畧","山水","福建","南平","武夷山","明","萬曆","","8卷","徐表然纂輯.","哈佛燕京圖書館藏珍稀方志","1619","1619","1573","1619","117.4558275","27.5330622"
"H00F2","大明一統名胜志","一統","北京","北京","順天府","明","崇禎","[福州] : 曹學佺, 明崇禎 3年 [1630]","二百八卷","曹學佺","哈佛燕京圖書館藏珍稀方志","1630","1630","1628","1644","116.3705288","39.9084747"
"H0154","寧志備考","縣","浙江","嘉興","海寧縣","明","崇禎","傳鈔本.","12卷","趙維寰纂修.","哈佛燕京圖書館藏珍稀方志","1630","1630","1628","1644","120.5375","30.40628"
"H00F7","九疑山志","山水","湖南","永州","九疑山","明","崇禎","","9卷","蔣鐄輯 ; 俞向葵補輯.","哈佛燕京圖書館藏珍稀方志","1644","1644","1628","1644","111.8501192","24.9308968"
"H0149","增補汧陽縣志","縣","陝西","寶雞","汧陽縣","清","順治","","2卷","王國瑋輯 ; 吳宸梧補修 ; 管旆再增修.","哈佛燕京圖書館藏珍稀方志","1652","1716","1645","1661","107.13386","34.64487"
"H013A","雲中郡志","郡","山西","大同","雲中郡","清","順治","","14卷","胡文燁等纂修.","哈佛燕京圖書館藏珍稀方志","1652","1722","1645","1661","113.29639","40.09284"
"H00E0","息縣志","縣","河南","信陽市","息縣","清","順治","","十卷","宣洪猷.","哈佛燕京圖書館藏珍稀方志","1656","1658","1645","1661","114.72909","32.34243"
"H014A","寶雞縣志","縣","陝西","寶雞地區","寶雞縣","清","順治","","三卷","周愃增修. ","哈佛燕京圖書館藏珍稀方志","1657","1681","1645","1661","107.240168","34.3616202"
"H0158","重修岐山縣志","縣","陝西","寶雞地區","岐山縣","清","順治","","4卷","王業隆纂 ; 王轂修.","哈佛燕京圖書館藏珍稀方志","1657","1657","1645","1661","107.62709","34.439636"
"H00A3","尉氏縣志","縣","河南","開封","尉氏縣","清","順治","","4卷首1卷","馬羲則等纂 ; 高桂修.","哈佛燕京圖書館藏珍稀方志","1658","1659","1645","1661","114.180771","34.413452"
"H00A0","睢州志","州","河南","商丘市","睢州","清","順治","","7卷首1卷","戴斌等纂修.","哈佛燕京圖書館藏珍稀方志","1658","1658","1645","1661","115.06597","34.4305"
"H00EA","封邱縣志","縣","河南","新鄉 ","封邱縣","清","順治","","九卷首一卷","李嵩陽纂修.","哈佛燕京圖書館藏珍稀方志","1659","1795","1645","1661","114.40883","35.03968"
"H00AC","河南通志","省","河南","開封","河南","清","順治","","50卷","沈荃等纂 ; 賈漢復修.","哈佛燕京圖書館藏珍稀方志","1660","1660","1645","1661","114.34333","34.785477"
"H00DC","淇縣志","縣","河南","鶴壁","淇縣","清","順治","","10卷圖1卷","王謙吉修 ; 白龍躍纂.","哈佛燕京圖書館藏珍稀方志","1660","1795","1645","1661","113.5887006","35.6540776"
"H00A9","潞安府志","府","山西","長治","潞安府","清","順治","","20卷","周再勲等纂 ; 楊晙等修.","哈佛燕京圖書館藏珍稀方志","1660","1660","1645","1661","113.103485","36.183537"
"H0099","臨潁縣志","縣","河南","漯河市","臨潁縣","清","順治","","8卷","吳中奇纂修.","哈佛燕京圖書館藏珍稀方志","1660","1660","1645","1661","113.96064","33.808605"
"H00BC","清源縣志","縣","山西","太原","清源縣","清","順治","","2卷","王灝儒纂 ; 和羹修.","哈佛燕京圖書館藏珍稀方志","1661","1678","1645","1661","112.509","37.55718"
"H00DA","武功縣重校續志","縣","陝西","咸陽","武功縣","清","康熙","重刊本.","3卷","張文熙纂 ; 李紹韓修.","哈佛燕京圖書館藏珍稀方志","1662","1734","1662","1722","108.105102","34.332054"
"H0179","泗水縣志","縣","山東","濟寧市","泗水縣","清","康熙","修刊本.","12卷","劉桓修 ; 杜燦然纂.","哈佛燕京圖書館藏珍稀方志","1662","1662","1662","1722","117.271324","35.660744"
"H004D","松江府志","府","上海","松江","松江府","清","康熙","","54卷附圖1卷","包爾庚等纂; 郭廷弼修.","哈佛燕京圖書館藏珍稀方志","1663","1663","1662","1722","121.227638","31.009476"
"H0184","續安丘縣志","縣","山東","濰坊","安丘縣","清","康熙","","二十五卷","王訓纂; 任周鼎修.","哈佛燕京圖書館藏珍稀方志","1663","1663","1662","1722","119.19739","36.42905"
"H0171","顔神鎭志","鎭","山東","淄博","顔神鎭","清","康熙","","4卷","葉先登纂輯.","哈佛燕京圖書館藏珍稀方志","1664","1670","1662","1722","117.6933165","36.4321452"
"H0039","隨州志","州","湖北","隨州市","隨州","清","康熙","","四卷","何藩等纂 ; 劉霦修.","哈佛燕京圖書館藏珍稀方志","1667","1667","1662","1722","113.36982","31.71511"
"H00C9","咸寧縣志","縣","湖北","咸寧","咸寧縣","清","康熙","補刊本.","8卷","陳大經, 楊生芝纂 ; 黄家鼎修.","哈佛燕京圖書館藏珍稀方志","1668","1682","1662","1722","114.271622","29.892479"
"H0157","沃史","縣","山西","臨汾","曲沃縣","清","康熙","","25卷","張奇勛纂輯 ; 周鉞續修 ; 范印心鑒定.","哈佛燕京圖書館藏珍稀方志","1668","1668","1662","1722","111.47002","35.64128"
"H0109","青原志略","山水","江西","吉安","青原山","清","康熙","","十三卷, 卷首","笑峰大然編稾 ; 施閏章補輯.","哈佛燕京圖書館藏珍稀方志","1669","1669","1662","1722","114.9970862","27.0761579"
"H017A","海豐縣志","縣","廣東","汕尾","海豐縣","清","康熙","","十二卷 (存十一卷), 卷首一卷","胡公著修 ; 張克家纂.","哈佛燕京圖書館藏珍稀方志","1670","1677","1662","1722","115.334808","22.975712"
"H00B8","絳州志","州","山西","運城","絳州","清","康熙","","四卷","陶用曙纂 ; 劉顯第修.","哈佛燕京圖書館藏珍稀方志","1670","1670","1662","1722","111.216148","35.616409"
"H0089","邵武府續志","府","福建","南平","邵武府","清","康熙","","10卷","汪麗日纂修.","哈佛燕京圖書館藏珍稀方志","1670","1670","1662","1722","117.483398","27.337692"
"H0133","雄縣志","縣","河北","保定","雄縣","清","康熙","","3卷","姚文燮纂修.","哈佛燕京圖書館藏珍稀方志","1670","1671","1662","1722","116.0927","38.97588"
"H0073","山陰縣志","縣","浙江","紹興","山陰縣","清","康熙","","三十八卷","沈麟趾等纂 ; 高登先修.","哈佛燕京圖書館藏珍稀方志","1671","1724","1662","1722","120.578262","30.004515"
"H0150","新昌縣志","縣","浙江","紹興","新昌縣","清","康熙","","18卷","呂曾柟等纂 ; 劉作樑修.","哈佛燕京圖書館藏珍稀方志","1671","1671","1662","1722","120.902107","29.494654"
"H0139","鹽山縣志","縣","河北","滄州","鹽山縣","清","康熙","","十二卷","錢國壽等纂 ; 朱鸞鷟修.","哈佛燕京圖書館藏珍稀方志","1671","1671","1662","1722","117.22554","38.055328"
"H009B","威縣志","縣","河北","刑臺","威縣","清","康熙","","16卷","李之棟纂修.","哈佛燕京圖書館藏珍稀方志","1672","1673","1662","1722","115.259262","36.974178"
"H0070","武康縣志","縣","浙江","德清","武康縣","清","康熙","鈔錄清康熙11年[1672]修刊本.","8卷","馮聖澤纂修","哈佛燕京圖書館藏珍稀方志","1672","1949","1662","1722","119.96407","30.55045"
"H0156","河津縣志","縣","山西","運城","河津縣","清","康熙","","8卷","劉梁嵩纂 ; 馬光遠修.","哈佛燕京圖書館藏珍稀方志","1672","1735","1662","1722","110.697807","35.587402"
"H007A","海表奇觀","府","海南","海口","瓊州府","清","康熙","","8卷附安政三略","吏隱主人輯.","哈佛燕京圖書館藏珍稀方志","1672","1672","1662","1722","110.35794","20.00817"
"H018E","滋陽縣志","縣","山東","濟寧","滋陽縣","清","康熙","淸康熙十一年 [1672]","4卷","仲弘道纂; 李瀠修.","哈佛燕京圖書館藏珍稀方志","1672","1672","1662","1722","116.82253","35.55564"
"H0197","肥城縣志","縣","山東","泰安","肥城縣","清","康熙","","2卷","尹足法等纂; 尹任修.","哈佛燕京圖書館藏珍稀方志","1672","1672","1662","1722","116.768082","36.250946"
"H013C","臨朐縣志書","縣","山東","昌濰地區","臨朐縣","清","康熙","","4卷","張申立等修.","哈佛燕京圖書館藏珍稀方志","1672","1672","1662","1722","118.54277","36.511246"
"H0199","臨淄縣志","縣","山東","淄博","臨淄縣","清","康熙","","16卷","李煥章纂; 鄧性修.","哈佛燕京圖書館藏珍稀方志","1672","1672","1662","1722","118.346588","36.852379"
"H00B2","靈石縣志","縣","山西","晉中市","靈石縣","清","康熙","","4卷","侯榮圭纂修.","哈佛燕京圖書館藏珍稀方志","1672","1692","1662","1722","111.77621","36.84215"
"H0134","南宮縣志","縣","河北","刑臺","南宮縣","清","康熙","","12卷","胡胤銓纂修.","哈佛燕京圖書館藏珍稀方志","1673","1673","1662","1722","115.380066","37.359154"
"H0044","天長縣志","縣","安徽","滁州","天長縣","清","康熙","","4卷","張振先等纂 ; 江映鯤修.","哈佛燕京圖書館藏珍稀方志","1673","1673","1662","1722","118.998154","32.690521"
"H0029","延綏鎮志","鎮","陝西","榆林","延綏鎮","清","康熙","康熙12 [1673] (乾隆間 [i.e. between 1736 and 1795]增補重印)","六卷","譚吉璁","哈佛燕京圖書館藏珍稀方志","1673","1673","1662","1722","109.7337061","38.2862002"
"H018B","德州志","州","山東","德州","德州","清","康熙","","10卷","金祖彭 (淸) 編纂.","哈佛燕京圖書館藏珍稀方志","1673","1673","1662","1722","116.287415","37.451645"
"H0138","新修萊蕪縣志","縣","山東","萊蕪","萊蕪縣","清","康熙","","10卷","鍾國義等纂修","哈佛燕京圖書館藏珍稀方志","1673","1673","1662","1722","117.661728","36.205116"
"H0196","日照縣志","縣","山東","日照","日照縣","清","康熙","","12卷","丁時纂; 楊士雄修.","哈佛燕京圖書館藏珍稀方志","1673","1715","1662","1722","119.454697","35.427952"
"H014D","淮南中十場志","場","江蘇","泰州","淮南中十場","清","康熙","","10卷","楊大經纂 ; 汪兆璋修.","哈佛燕京圖書館藏珍稀方志","1673","1673","1662","1722","119.91124","32.49587"
"H0176","濟寧州志","州","山東","濟寧市","濟寧州","清","康熙","修刊本. 今名濟寧縣.","10卷","楊通睿等纂 ; 廖有恒修.","哈佛燕京圖書館藏珍稀方志","1673","1673","1662","1722","116.577865","35.410431"
"H00B5","翼城","縣","山西","臨汾地區","翼城縣","清","康熙","","12卷","溫旌光等纂 ; 陳應富修.","哈佛燕京圖書館藏珍稀方志","1673","1673","1662","1722","111.708443","35.738762"
"H0192","蓬萊縣志","縣","山東","煙臺","蓬萊縣","清","康熙","","8卷","蔡永華纂; 高崗修.","哈佛燕京圖書館藏珍稀方志","1673","1673","1662","1722","120.740502","37.804516"
"H018A","平陰縣志","縣","山東","濟南","平陰縣","清","康熙","","8卷首1卷","趙貫台纂; 陳秉直修.","哈佛燕京圖書館藏珍稀方志","1674","1674","1662","1722","116.448669","36.286934"
"H018D","沂州志","州","山東","臨沂","沂州","清","康熙","[沂州?], 清康熙 13年 [1674]","8卷","邵士主修 ; 王壎校修.","哈佛燕京圖書館藏珍稀方志","1674","1674","1662","1722","118.0562028","35.0522653"
"H015C","清豐縣志","縣","河南","濮陽","清豐縣","清","康熙","","10卷首1卷","楊燝纂修.","哈佛燕京圖書館藏珍稀方志","1676","1676","1662","1722","115.11004","35.90877"
"H012C","廣平府志","府","河北","邯鄲","廣平府","清","康熙","","二0卷","申涵盼纂 ; 沈奕琛重修.","哈佛燕京圖書館藏珍稀方志","1677","1677","1662","1722","114.723068","36.701031"
"H0153","石門縣志","縣","湖南","常德","石門縣","清","康熙","","12卷","杜森纂 ; 鄺世培續纂 ; 徐原增校,.","哈佛燕京圖書館藏珍稀方志","1677","1677","1662","1722","111.373611","29.588543"
"H0077","寧海縣志","縣","浙江","寧波","寧海縣","清","康熙","","12卷首1卷","華大琰纂 ; 崔秉鏡修.","哈佛燕京圖書館藏珍稀方志","1678","1758","1662","1722","121.425552","29.283617"
"H012E","寧晋縣志","縣","河北","邢台","寧晋縣","清","康熙","","十卷","張坦, 羅宏[rui]等纂 ; 萬任修.","哈佛燕京圖書館藏珍稀方志","1679","1679","1662","1722","114.9154","37.62109"
"H019A","封丘縣續志","縣","河南","新鄉","封丘縣","清","康熙","清康熙19年 [1680] (乾隆間剜修重印)","不分卷","王錫魁纂輯.","哈佛燕京圖書館藏珍稀方志","1680","1795","1662","1722","114.40883","35.03968"
"H00EF","延安府志","府","陝西","延安市","延安府","清","康熙","","10卷首1卷","陳天植修；劉爾舉纂","哈佛燕京圖書館藏珍稀方志","1680","1737","1662","1722","109.46991","36.59181"
"H0118","五蓮山志","山水","山東","日照","五蓮山","清","康熙","","五卷","海霆編集.","哈佛燕京圖書館藏珍稀方志","1681","1757","1662","1722","119.3591698","35.6729433"
"H0111","金山志略","山水","江蘇","鎮江","金山","清","康熙","","四卷, 卷首一卷","行海修輯 ; 超智編次 ; 蔣超較正.","哈佛燕京圖書館藏珍稀方志","1681","1681","1662","1722","119.417077","32.215156"
"H00C6","陽曲縣志","縣","山西","太原","陽曲縣","清","康熙","","14卷首1卷","戴夢熊纂修.","哈佛燕京圖書館藏珍稀方志","1682","1682","1662","1722","112.564827","37.873753"
"H0061","丹徒縣志","縣","江蘇","鎮江","丹徒縣","清","康熙","","10卷首1卷","何[Jie], 程世美纂 ; 鮑天鍾修.","哈佛燕京圖書館藏珍稀方志","1683","1683","1662","1722","119.44429","32.20649"
"H006E","天台縣志","縣","浙江","台州","天台縣","清","康熙","","十五卷首一卷","李德燿等纂修.","哈佛燕京圖書館藏珍稀方志","1683","1683","1662","1722","121.02656","29.13826"
"H007B","太平縣志","縣","安徽","黃山","太平縣","清","康熙","","8卷","林槐等纂 ; 曹文珽等修.","哈佛燕京圖書館藏珍稀方志","1683","1683","1662","1722","118.19133","30.309418"
"H006B","浙江通志","省","浙江","杭州","浙江省","清","康熙","","50卷首1卷","張衡等纂 ; 王國安等修.","哈佛燕京圖書館藏珍稀方志","1683","1684","1662","1722","120.16862","30.29412"
"H006F","紹興府志","府","浙江","紹興","紹興府","清","康熙","","60卷","董欽德纂 ; 王之賓修.","哈佛燕京圖書館藏珍稀方志","1683","1683","1662","1722","120.578262","30.004515"
"H011E","勅建弘慈廣濟寺新志","寺院","北京","西城","弘慈廣濟寺","清","康熙","","三卷","湛祐遺藁 ; 然叢編輯 ; 余賓碩較訂.","哈佛燕京圖書館藏珍稀方志","1684","1722","1662","1722","116.37235","39.924292"
"H0032","湖廣通志","省","湖南,湖北","武漢","湖廣","清","康熙","康熙二十三年徐國相湖廣通志序","80卷圖考1卷","徐國相修 ; 宮夢仁, 姚淳燾編纂.","哈佛燕京圖書館藏珍稀方志","1684","1684","1662","1722","114.30666","30.57367"
"H0072","秀水縣志","縣","浙江","嘉興","秀水縣","清","康熙","","10卷","范正輅纂 ; 任之鼎修.","哈佛燕京圖書館藏珍稀方志","1684","1685","1662","1722","120.753204","30.767469"
"H0096","曹縣志","縣","山東","菏澤","曹縣","清","康熙","","18卷","藍庚生纂 ; 朱琦修.","哈佛燕京圖書館藏珍稀方志","1685","1685","1662","1722","115.539452","34.827587"
"H0143","淮安府志","府","江蘇","淮安","淮安府","清","康熙","","13卷首1卷","高成美修 ; 刘光荣, 胡従中等纂.","哈佛燕京圖書館藏珍稀方志","1685","1685","1662","1722","119.141106","33.502789"
"H012F","安平縣志","縣","河北","衡水市","安平縣","清","康熙","","十卷","陳宗石纂修. 清康熙26 ","哈佛燕京圖書館藏珍稀方志","1687","1691","1662","1722","115.51057","38.23053"
"H010C","新修嶽麓書院誌書","書院","湖南","長沙","嶽麓書院","清","乾隆","","六卷, 卷首","趙菅亭[寧]彙.","哈佛燕京圖書館藏珍稀方志","1687","1687","1736","1795","112.941025","28.180564"
"H0090","重修曲江縣志","縣","廣東","韶關","曲江縣","清","康熙","","4卷","秦熙祚纂修.","哈佛燕京圖書館藏珍稀方志","1687","1687","1662","1722","113.603417","24.810209"
"H0069","具區志","山水","江蘇","蘇州","具區","清","康熙","","十六卷","翁澍撰.","哈佛燕京圖書館藏珍稀方志","1689","1689","1662","1722","120.0833653","31.1838764"
"H0140","東野誌","家族","山東","曲阜縣","東野姓","清","康熙","","二卷","呂化舜纂輯 ; 孔衍法,孔衍治增輯.","哈佛燕京圖書館藏珍稀方志","1689","1689","1662","1722","116.9850834","35.5853225"
"H017C","費縣志","縣","山東","臨沂地區","費縣","清","康熙","修刊本.","10卷首1卷","黃學懃等纂修.","哈佛燕京圖書館藏珍稀方志","1689","1689","1662","1722","117.964623","35.265209"
"H00A1","睢州志","州","河南","商丘市","睢州","清","康熙","","7卷首1卷","馬世英等纂修.","哈佛燕京圖書館藏珍稀方志","1690","1693","1662","1722","115.06597","34.4305"
"H017D","章丘縣志","縣","山東","濟南","章丘縣","清","康熙","","十二卷首一卷","鍾運泰纂修.","哈佛燕京圖書館藏珍稀方志","1690","1691","1662","1722","117.48428","36.85273"
"H00A5","光州志","州","河南","信陽","光州","清","康熙","","15卷","龔質生纂 ; 繆發修.","哈佛燕京圖書館藏珍稀方志","1691","1692","1662","1722","115.044579","32.130302"
"H006C","台州府志","府","浙江","台州","台州府","清","康熙","","18卷","方景濂纂 ; 張聯元修.","哈佛燕京圖書館藏珍稀方志","1691","1722","1662","1722","121.120598","28.843132"
"H00E7","河陰縣志","縣","河南","滎陽","河陰縣","清","康熙","","4卷","申奇彩修；毛泰徵纂","哈佛燕京圖書館藏珍稀方志","1691","1795","1662","1722","113.42737","34.89375"
"H0177","鄒平縣景物志","縣","山東","濱州","鄒平縣","清","康熙","修刊本.","十六卷","成晋徵纂.","哈佛燕京圖書館藏珍稀方志","1692","1692","1662","1722","117.726517","36.885693"
"H00ED","內鄉縣志","縣","河南","南陽","內鄉縣","清","康熙","","十二卷","寶鼎望修 ; 高佑釲纂 ; 張福永增修.","哈佛燕京圖書館藏珍稀方志","1693","1795","1662","1722","111.838593","33.050232"
"H00EC","南陽縣志","縣","河南","南陽","南陽縣","清","康熙","","6卷首1卷","張光祖修；宋景愈、徐永芝纂","哈佛燕京圖書館藏珍稀方志","1693","1693","1662","1722","112.535469","33.001678"
"H00DF","嵩縣志","縣","河南","洛陽","嵩縣","清","康熙","","10卷首1卷","李滋.","哈佛燕京圖書館藏珍稀方志","1693","1693","1662","1722","112.087547","34.147213"
"H00B3","平順縣志","縣","山西","長治市","平順縣","清","康熙","","十卷","路躋垣等纂 ; 杜之昂修.","哈佛燕京圖書館藏珍稀方志","1693","1693","1662","1722","113.430779","36.200932"
"H00E1","息縣續志","縣","河南","信陽","息縣","清","康熙","","8卷","鄭振藻、蔣彪修；何朝宗纂","哈佛燕京圖書館藏珍稀方志","1693","1693","1662","1722","114.72909","32.34243"
"H017E","婺源縣志","縣","江西","上饒","婺源縣","清","康熙","","12卷","蔣燦 ... et al. 纂修","哈佛燕京圖書館藏珍稀方志","1694","1694","1662","1722","117.844589","29.244728"
"H00E6","河內縣志","縣","河南","焦作","河內縣","清","康熙","","5卷","李橒修；蕭家蕙、史璉纂","哈佛燕京圖書館藏珍稀方志","1694","1795","1662","1722","112.936989","35.089302"
"H0117","盤山志","山水","天津","薊州","盤山","清","康熙","","十卷, 補遺四卷","智朴纂輯 ; 王士禛, 釆彜尊較訂.","哈佛燕京圖書館藏珍稀方志","1694","1872","1662","1722","117.2751225","40.0970346"
"H00EB","郟縣志","縣","河南","平頂山","郟縣","清","康熙","與乾隆8年[1743]刻《郟縣續志》合函.","4卷","金世純修；仝軌纂","哈佛燕京圖書館藏珍稀方志","1694","1743","1662","1722","113.203407","33.972053"
"H00E8","密縣志","縣","河南","鄭州市","密縣","清","康熙","","6卷","袁良怡修；李士玿纂","哈佛燕京圖書館藏珍稀方志","1695","1795","1662","1722","113.35456","34.51463"
"H00BA","懷慶府志","府","河南","沁陽","懷慶府","清","康熙","","18卷","喬騰鳳纂 ; 劉維世修.","哈佛燕京圖書館藏珍稀方志","1695","1695","1662","1722","112.93699","35.0893"
"H00AD","河南府志","府","河南","洛陽","河南府","清","康熙","","28卷","董正等纂 ; 孫居湜等修.","哈佛燕京圖書館藏珍稀方志","1695","1695","1662","1722","112.43513","34.67159"
"H00B9","開封府志","府","河南","開封","開封府","清","康熙","","40卷","管竭忠等修.","哈佛燕京圖書館藏珍稀方志","1695","1695","1662","1722","114.34333","34.785477"
"H011A","靈巖志","寺院","山東","濟南","靈巖寺","清","康熙","","六卷","李興祖序.","哈佛燕京圖書館藏珍稀方志","1696","1696","1662","1722","116.9911489","36.3731545"
"H0036","宜都縣志","縣","湖北","宜昌","宜都縣","清","康熙","","12卷首1卷末1卷","劉顯功纂修.","哈佛燕京圖書館藏珍稀方志","1697","1697","1662","1722","111.457916","30.392385"
"H009D","封邱縣續志","縣","河南","新鄉","封邱縣","清","康熙","","五卷","李承紱纂 ; 耿紘祚等修.","哈佛燕京圖書館藏珍稀方志","1697","1795","1662","1722","114.40883","35.03968"
"H018F","濱州志","州","山東","濱州市","濱州","清","康熙","版本據《中國地方志聯合目錄》著錄.","8卷首1卷","楊容盛修.","哈佛燕京圖書館藏珍稀方志","1701","1701","1662","1722","117.965309","37.478333"
"H0095","延津縣志","縣","河南","新鄉","延津縣","清","康熙","","10卷","余心孺纂修.","哈佛燕京圖書館藏珍稀方志","1702","1702","1662","1722","114.19469","35.14276"
"H010F","虎丘山志","山水","江蘇","蘇州","虎丘山","清","康熙","","五卷, 卷首一卷","顧湄重修 ; 張壎, 金之鑛增修.","哈佛燕京圖書館藏珍稀方志","1702","1702","1662","1722","120.5782163","31.335796"
"H0125","普陀山志","山水","浙江","舟山","普陀山","清","康熙","","十五卷","陳璿, 裘璉同輯.","哈佛燕京圖書館藏珍稀方志","1704","1704","1662","1722","122.3666234","29.9876443"
"H00B4","平遙縣志","縣","山西","平遙","平遙縣","清","康熙","","八卷","康乃心纂 ; 王綬修.","哈佛燕京圖書館藏珍稀方志","1706","1795","1662","1722","112.177597","37.20726"
"H00AF","交城縣志","縣","山西","呂梁市","交城縣","清","康熙","","18卷首1卷","洪璟纂修.","哈佛燕京圖書館藏珍稀方志","1709","1709","1662","1722","112.156","37.544"
"H015E","南樂縣志","縣","河南","濮陽","南樂縣","清","康熙","","15卷","邱性善等修.","哈佛燕京圖書館藏珍稀方志","1711","1711","1662","1722","115.197624","36.077473"
"H012D","宣化縣志","縣","河北","張家口市","宣化縣","清","乾隆","","30卷","陳坦纂修.","哈佛燕京圖書館藏珍稀方志","1711","1737","1736","1795","115.051148","40.610363"
"H0123","天童寺志","寺院","浙江","寧波","天童寺","清","康熙","","10卷","德介, 聞性道同纂","哈佛燕京圖書館藏珍稀方志","1712","1811","1662","1722","121.795312","29.805378"
"H00CF","懷來縣志","縣","河北","張家口","懷來縣","清","康熙","","18卷首1卷","許隆遠纂修.","哈佛燕京圖書館藏珍稀方志","1712","1795","1662","1722","115.60667","40.30387"
"H0074","建安縣志","縣","福建","南平","建安縣","清","康熙","","10卷","陸登選等纂 ; 崔銑修.","哈佛燕京圖書館藏珍稀方志","1713","1713","1662","1722","118.32378","27.03886"
"H00E9","泌陽縣志","縣","河南","駐馬店市","泌陽縣","清","康熙","重修刋本.","4卷","程儀千","哈佛燕京圖書館藏珍稀方志","1714","1795","1662","1722","113.31919","32.72317"
"H0191","杞紀","縣","山東","安丘","杞國","清","康熙","","22卷","張貞纂述.","哈佛燕京圖書館藏珍稀方志","1716","1716","1662","1722","119.31496","36.5376"
"H0116","羅浮山志","山水","廣東","惠州","羅浮山","清","康熙","","二二卷, 卷首圖贊一卷","宋廣業纂.","哈佛燕京圖書館藏珍稀方志","1716","1716","1662","1722","113.795306","23.2922366"
"H009F","鄆城縣志","縣","山東","菏澤","鄆城縣","清","康熙","","8卷","張盛銘等修.","哈佛燕京圖書館藏珍稀方志","1716","1716","1662","1722","115.935013","35.605061"
"H00D2","雲龍州志","州","雲南","徐州","雲龍州","清","康熙","","12卷首1卷","王[Fu]等纂修.","哈佛燕京圖書館藏珍稀方志","1716","1716","1662","1722","99.36029","25.81026"
"H0174","壽張縣志","縣","山東","聊城","壽張縣","清","康熙","修刊本.","8卷","馬衍纂; 滕永禎修.","哈佛燕京圖書館藏珍稀方志","1717","1717","1662","1722","115.84856","36.01439"
"H011B","天台山全志","山水","浙江","台州","天台山","清","康熙","","十八卷","張聯元撰.","哈佛燕京圖書館藏珍稀方志","1717","1717","1662","1722","121.1758432","29.2367704"
"H011C","鼎湖山慶雲寺志","寺院","廣東","肇慶","鼎湖山慶雲寺","清","康熙","","八卷, 卷首","丁易總修 ; (釋) 成鷲纂述.","哈佛燕京圖書館藏珍稀方志","1717","1722","1662","1722","112.546543","23.170468"
"H005D","儀徴縣志","縣","江蘇","揚州","儀徴縣","清","康熙","","22卷","陸師纂修.","哈佛燕京圖書館藏珍稀方志","1718","1718","1662","1722","119.17763","32.26754"
"H00CA","澂江府志","府","雲南","玉溪","澂江府","清","康熙","木刻本.","16卷","蔣陳錫總裁 ; 李應綬纂修.","哈佛燕京圖書館藏珍稀方志","1719","1719","1662","1722","102.91122","24.6732"
"H013D","二樓小志","樓閣","安徽","蕪湖地區","寧國府","清","康熙","","[四卷], 附二樓紀略四卷","程元愈原輯 ; 汪越, 沈廷璐補輯 ; 佟賦偉撰.","哈佛燕京圖書館藏珍稀方志","1720","1720","1662","1722","118.7425","30.946941"
"H0053","西江志","省","江西","(不限)","江西省","清","康熙","","206卷","查愼行纂 ; 白潢修","哈佛燕京圖書館藏珍稀方志","1720","1720","1662","1722","115.73103","28.71954"
"H0071","嘉興府志","府","浙江","嘉興","嘉興府","清","康熙","","16卷","錢以塏等纂 ; 吳永芳修.","哈佛燕京圖書館藏珍稀方志","1721","1721","1662","1722","120.753204","30.767469"
"H00BF","太平縣志","縣","安徽","黃山","太平縣","清","康熙","劉崇元雍正3年(1725)刊本.","八卷","張枚等纂 ; 張學都等修.","哈佛燕京圖書館藏珍稀方志","1722","1795","1662","1722","118.19133","30.309418"
"H011D","河防志","河防","山東","黃河","黃河","清","雍正","","十二卷","張鵬翮纂.","哈佛燕京圖書館藏珍稀方志","1725","1725","1723","1735","116.0829424","36.0984903"
"H005F","崇明縣志","縣","上海","崇明","崇明縣","清","雍正","","20卷首1卷","沈龍翔纂 ; 張文英修.","哈佛燕京圖書館藏珍稀方志","1727","1727","1723","1735","121.389893","31.627645"
"H0142","江都縣志","縣","江蘇","揚州","江都縣","清","雍正","","20卷","陸朝璣纂修.","哈佛燕京圖書館藏珍稀方志","1728","1728","1723","1735","119.437187","32.39127"
"H005B","泰州志","州","江蘇","泰州","泰州","清","雍正","","10卷首1卷","褚世暄纂修.","哈佛燕京圖書館藏珍稀方志","1728","1728","1723","1735","119.91124","32.495872"
"H007D","泰順縣志","縣","浙江","溫州","泰順縣","清","雍正","","10卷首1卷","朱廷琦纂 ; 朱國源修.","哈佛燕京圖書館藏珍稀方志","1728","1729","1723","1735","119.710464","27.557787"
"H0056","撫州府志","府","江西","撫州","撫州府","清","雍正","","45卷","李茹旻等纂 ; 羅復晋修.","哈佛燕京圖書館藏珍稀方志","1729","1729","1723","1735","116.351341","27.984781"
"H0148","扶風縣志","縣","陝西","寶雞地區","扶風縣","清","雍正","","四卷","于開泰纂 ; 張婁度修.","哈佛燕京圖書館藏珍稀方志","1731","1731","1723","1735","107.868492","34.361824"
"H008F","惠來縣志","縣","廣東","揭陽市","惠來縣","清","雍正","重印本.","18卷首1卷","謝元選纂; 張玿美修.","哈佛燕京圖書館藏珍稀方志","1732","1866","1723","1735","116.28851","23.03913"
"H0051","江西通志","省","江西","南昌","江西省","清","雍正","淸雍正8-10年[1730-1732]據「康熙59年[1720]所輯「西江志」」增修 「駱博士印」. 精刊本.","162卷首3卷","陶成等纂修 ; 高其倬, 謝旻等總裁","哈佛燕京圖書館藏珍稀方志","1732","1732","1723","1735","115.73103","28.71954"
"H00AE","襄陵縣志","縣","山西","臨汾地區","襄陵縣","清","雍正","","24卷","盧秉純等纂 ; 趙懋本修.","哈佛燕京圖書館藏珍稀方志","1732","1795","1723","1735","111.396492","36.023994"
"H00A8","山西通志","省","山西","太原","山西","清","雍正","1732-1734 修","230卷","儲大文纂 ; 覺羅石麟修","哈佛燕京圖書館藏珍稀方志","1734","1734","1723","1735","112.56483","37.87375"
"H011F","西湖志","山水","浙江","杭州","西湖","清","雍正","","48卷","傅王露等修 ; 李衛輯.","哈佛燕京圖書館藏珍稀方志","1734","1734","1723","1735","120.1258987","30.2430439"
"H0131","深澤縣志","縣","河北","石家莊","深澤縣","清","雍正","","12卷","王植等修.","哈佛燕京圖書館藏珍稀方志","1735","1752","1723","1735","115.19209","38.1849"
"H0129","畿輔通志","京城","河北","保定","畿輔","清","雍正","","一百二十卷","唐執玉等修 ; 陳儀等纂.","哈佛燕京圖書館藏珍稀方志","1735","1735","1723","1735","114.463173","38.036613"
"H015F","獲鹿縣志","縣","河北","石家莊","獲鹿縣","清","乾隆","","12卷","石光璽纂 ; 韓國瓚修.","哈佛燕京圖書館藏珍稀方志","1736","1736","1736","1795","114.307724","38.083111"
"H002A","重修肅州新志","州","甘肅","酒泉市","肅州","清","乾隆","清乾隆2年[1737]修, 同年刊本. 高臺1, 2册, 沙州上下册均係鈔配本.","不分卷","黄文煒纂修.","哈佛燕京圖書館藏珍稀方志","1737","1762","1736","1795","98.51125","39.74494"
"H013E","東湖弄珠樓志","樓閣","浙江","嘉興","東湖弄珠樓","清","乾隆","","六卷 ; 紅蘭閣詞三卷","張雲錦輯撰.","哈佛燕京圖書館藏珍稀方志","1738","1738","1736","1795","121.0262916","30.6969871"
"H00D5","湯陰縣志","縣","河南","安陽市","湯陰縣","清","乾隆","","10卷","楊世達纂修.","哈佛燕京圖書館藏珍稀方志","1738","1738","1736","1795","114.35269","35.92552"
"H00EE","内黄縣志","縣","河南","安陽","内黄縣","清","乾隆","清乾隆4年尹會一序.","18卷首1卷","李湞","哈佛燕京圖書館藏珍稀方志","1739","1739","1736","1795","114.89738","35.9539"
"H00C1","太谷縣志","縣","山西","晉中地區","太谷縣","清","乾隆","淸乾隆4 [1739]增刊雍正7 [1729]本.","八卷","王廷贊原修 ; 王澤沛增修.","哈佛燕京圖書館藏珍稀方志","1739","1739","1736","1795","112.552765","37.425507"
"H0049","宣城縣志","縣","安徽","宣城","宣城縣","清","乾隆","","32卷卷首1卷","楊廷棟等 纂 ; 吳飛九修.","哈佛燕京圖書館藏珍稀方志","1739","1739","1736","1795","118.7425","30.946941"
"H014E","湖州府志","府","浙江","湖州","湖州府","清","乾隆","","48卷首1卷","胡承謀纂修 ; 李堂等增纂. ","哈佛燕京圖書館藏珍稀方志","1739","1758","1736","1795","120.099312","30.864964"
"H0091","祥符縣志","縣","河南","開封","祥符縣","清","乾隆","","22卷","魯曽煜等修.","哈佛燕京圖書館藏珍稀方志","1739","1739","1736","1795","114.34333","34.785477"
"H00C7","陵川縣志","縣","山西","晉東地區","陵川縣","清","乾隆","","二十八卷","景象元等纂 ; 雷正修.","哈佛燕京圖書館藏珍稀方志","1740","1740","1736","1795","113.277008","35.778126"
"H008D","南寧府志","府","廣西","南寧","南寧府","清","乾隆","","56卷","蘇士俊等纂修.","哈佛燕京圖書館藏珍稀方志","1741","1742","1736","1795","108.312073","22.806145"
"H00D0","同州府志","府","陝西","渭南","同州府","清","乾隆","","20卷首1卷","李之蘭等纂 ; 張奎祥修.","哈佛燕京圖書館藏珍稀方志","1741","1741","1736","1795","109.939082","34.797245"
"H015A","武淸縣志","縣","天津","武清","武淸縣","清","乾隆","疑為民國間重印本.","十二卷首一卷末一卷","曹涵纂 ; 吳[Chong]修.","哈佛燕京圖書館藏珍稀方志","1742","1742","1736","1795","116.94582","39.51027"
"H00E2","河套志","山水","寧夏回族自治區, 內蒙古自治區, 陝西","河套","河套","清","乾隆","","6卷","陳履中等纂修.","哈佛燕京圖書館藏珍稀方志","1742","1742","1736","1795","107.1192925","40.8590946"
"H0186","登州府志","府","山東","煙臺","登州府","清","順治","清順治間, between 1644 and 1661修], 續志清乾隆七年 [1742] 修","22卷續志12卷","徐可先等修.","哈佛燕京圖書館藏珍稀方志","1742","1742","1645","1661","120.740502","37.804516"
"H00CE","萬全縣志","縣","河北","張家口市","萬全縣","清","乾隆","","10卷","左承業纂修.","哈佛燕京圖書館藏珍稀方志","1742","1742","1736","1795","114.73473","40.8649"
"H0175","淄川縣志","縣","山東","淄博","淄川縣","清","乾隆","修刊本.","8卷, 卷首1卷","臧岳等纂; 王康修.","哈佛燕京圖書館藏珍稀方志","1743","1743","1736","1795","117.962113","36.636993"
"H0160","景州志","州","河北","衡水市","景州","清","乾隆","","6卷","趙[Yi]等纂 ; 屈成霖修.","哈佛燕京圖書館藏珍稀方志","1745","1745","1736","1795","116.2581","37.68801"
"H00E3","汜水縣志","縣","河南","鄭州","汜水縣","清","乾隆","","22卷","許勉燉修；禹殿鼇纂","哈佛燕京圖書館藏珍稀方志","1745","1769","1736","1795","113.21386","34.84858"
"H0037","滎經縣志","縣","四川","雅安","滎經縣","清","乾隆","","9卷末1卷","勞卋沅纂修.","哈佛燕京圖書館藏珍稀方志","1745","1745","1736","1795","102.835899","29.79393"
"H0093","確山縣志","縣","河南","駐馬店","確山縣","清","乾隆","","4卷","周之瑚等修.","哈佛燕京圖書館藏珍稀方志","1745","1746","1736","1795","114.01991","32.80767"
"H00DE","禹州志","州","河南","許昌","禹州","清","乾隆","","14卷","孫廣生.","哈佛燕京圖書館藏珍稀方志","1745","1747","1736","1795","113.46706","34.16249"
"H00A4","鄭州志","州","河南","鄭州","鄭州","清","乾隆","","十二卷首一卷","毛如詵等修.","哈佛燕京圖書館藏珍稀方志","1745","1745","1736","1795","113.64131","34.75808"
"H00AA","忻州志","州","山西","忻州","忻州","清","乾隆","","六卷","竇容邃等修.","哈佛燕京圖書館藏珍稀方志","1746","1746","1736","1795","112.7312","38.39856"
"H0097","横州志","州","廣西","南寧","横州","清","乾隆","重刊本.","十二卷","朱秀纂 ; 謝鍾齡修.","哈佛燕京圖書館藏珍稀方志","1746","1899","1736","1795","109.26704","22.69296"
"H0038","永新縣志","縣","江西","吉安","永新縣","清","乾隆","","10卷","陳善言等纂 ; 王翰修.","哈佛燕京圖書館藏珍稀方志","1746","1746","1736","1795","114.23687","26.945564"
"H00E4","沈邱縣志","縣","河南","周口","沈邱縣","清","乾隆","續修刋本.","12卷首1卷","何源洙修；魯之璠纂","哈佛燕京圖書館藏珍稀方志","1746","1746","1736","1795","115.14233","33.17888"
"H009A","滎澤縣志","縣","河南","鄭州","滎澤縣","清","乾隆","","十四卷","崔淇修 ; 王博, 李維嶠纂.","哈佛燕京圖書館藏珍稀方志","1746","1746","1736","1795","113.53442","34.87436"
"H00A7","滎陽縣志","縣","河南","鄭州市","滎陽縣","清","乾隆","","12卷","李煦等修.","哈佛燕京圖書館藏珍稀方志","1746","1746","1736","1795","113.3474","34.78311"
"H0094","陽江縣志","縣","廣東","陽江","陽江縣","清","乾隆","","8卷","林聞譽纂 ; 莊大中修.","哈佛燕京圖書館藏珍稀方志","1746","1746","1736","1795","111.958946","21.845419"
"H002C","靜寧州志","州","甘肅","平涼","靜寧州","清","乾隆","續修刊本","八卷首一卷","王烜纂修.","哈佛燕京圖書館藏珍稀方志","1746","1746","1736","1795","105.728821","35.524097"
"H015B","冀州志","州","河北","冀縣","冀州","清","乾隆","","二十卷續編人物一卷","范清曠等纂修.","哈佛燕京圖書館藏珍稀方志","1747","1747","1736","1795","115.56381","37.56598"
"H00E5","宜陽縣志","縣","河南","洛陽","宜陽縣","清","乾隆","","4卷","汪堅，汪道成.","哈佛燕京圖書館藏珍稀方志","1747","1747","1736","1795","112.165222","34.512718"
"H0135","曲周縣志","縣","河北","邯鄲市","曲周縣","清","乾隆","","19卷","王今遠纂 ; 劳宗發修.","哈佛燕京圖書館藏珍稀方志","1747","1747","1736","1795","114.94965","36.7793"
"H0079","海鹽縣續圖經","縣","浙江","嘉興","海鹽縣","清","乾隆","","7卷","陳世倕等纂 ; 王如珪修.","哈佛燕京圖書館藏珍稀方志","1747","1748","1736","1795","120.932022","30.517859"
"H019B","臨潁縣續志","縣","河南","漯河","臨潁縣","清","乾隆","明萬曆45 [1617]刻 (清康熙初年[i.e. between 1662 and 1677] 增修)","8卷","劉沆纂修.","哈佛燕京圖書館藏珍稀方志","1747","1747","1736","1795","113.96064","33.808605"
"H0092","重修靈寶縣志","縣","河南","三門峽","靈寶縣","清","乾隆","","6卷","周慶增, 王道暉等纂修.","哈佛燕京圖書館藏珍稀方志","1747","1748","1736","1795","110.94149","34.68462"
"H0043","麻陽縣志","縣","湖南","懷化","麻陽縣","清","康熙","","10卷","田長盛等纂 ; 陳輝璧修 ; 秦周續纂修.","哈佛燕京圖書館藏珍稀方志","1747","1747","1662","1722","109.648402","27.720222"
"H003B","大庾縣續志","縣","江西","贛州","大庾縣","清","咸豐","","2卷","余光璧纂修. 大庾縣續志 : 二卷 / 譚習篆等續纂 ; 汪報閏續修.","哈佛燕京圖書館藏珍稀方志","1748","1851","1851","1861","114.350571","25.399954"
"H0120","少林寺志","寺院","河南","鄭州","少林寺","清","乾隆","","4卷","葉封 ... et al. 采輯","哈佛燕京圖書館藏珍稀方志","1748","1748","1736","1795","112.9352824","34.5085831"
"H005E","山陽縣志","縣","江蘇","淮安","山陽縣","清","乾隆","","22卷首1卷","張鴻烈原纂 ; 丁一燾等續纂 ; 金秉祚修.","哈佛燕京圖書館藏珍稀方志","1748","1749","1736","1795","119.141106","33.502789"
"H0023","潞郡舊聞","縣","山西","長治","潞安縣，長治縣","清","乾隆","","4卷","靳榮藩","哈佛燕京圖書館藏珍稀方志","1748","1924","1736","1795","113.116404","36.195409"
"H0137","羅山縣志","縣","河南","信陽","羅山縣","清","乾隆","","8卷","葛荃修 ; 李之杜纂.","哈佛燕京圖書館藏珍稀方志","1748","1748","1736","1795","114.52224","32.20237"
"H004E","蘇州府志","府","江蘇","蘇州","蘇州府","清","乾隆","","80卷","習寯等纂修.","哈佛燕京圖書館藏珍稀方志","1748","1748","1736","1795","120.618622","31.31271"
"H010B","南通州五山全志","山水","江蘇","南通","五山（狼山、黃泥山、劍山、軍山、馬鞍山）","清","乾隆","","二十卷","董權文參閱 ; 劉名芳纂修.","哈佛燕京圖書館藏珍稀方志","1749","1749","1736","1795","120.8813145","31.9513955"
"H0028","五涼考治六德集全誌","州","甘肅","武威","甘肅省","清","乾隆","乾隆15年[1750] (道光5 [182]增刻, 咸豐5 [1855]再增刻)","一卷","曾鈞等簒 ; 張[zhao]美修 ; 張之浚鑒定 .","哈佛燕京圖書館藏珍稀方志","1750","1855","1736","1795","103.84714","36.04703"
"H0058","如皋縣志","縣","江蘇","南通","如皋縣","清","乾隆","","32卷附錄1卷","周植等纂 ; 鄭見龍修.","哈佛燕京圖書館藏珍稀方志","1750","1750","1736","1795","120.558662","32.384022"
"H005A","鎮江府志","府","江蘇","鎮江","鎮江府","清","乾隆","","55卷首1卷","朱霖等纂修.","哈佛燕京圖書館藏珍稀方志","1750","1750","1736","1795","119.44429","32.20649"
"H014C","無錫縣志","縣","江蘇","無錫","無錫縣","清","乾隆","","42卷首1卷","華希閔纂 ; 王鎬修.","哈佛燕京圖書館藏珍稀方志","1751","1751","1736","1795","120.297668","31.574614"
"H0081","鎮海縣志","縣","浙江","寧波","鎮海縣","清","乾隆","","8卷","王夢弼纂修.","哈佛燕京圖書館藏珍稀方志","1751","1752","1736","1795","121.711716","29.953701"
"H004F","太和縣志","縣","安徽","阜陽","太和縣","清","乾隆","乾隆十七年王歛福太和縣志叙, 後印本.","8卷","成兆豫總裁 ; 吳中最協修 ; 洪朝元編次.","哈佛燕京圖書館藏珍稀方志","1752","1752","1736","1795","115.608963","33.16543961"
"H0147","鎭安縣志","縣","陝西","商洛","鎭安縣","清","乾隆","","十卷首一卷末一卷","聶燾纂修.","哈佛燕京圖書館藏珍稀方志","1752","1755","1736","1795","109.15329","33.43184"
"H00A2","郾城縣志","縣","河南","漯河","郾城縣","清","乾隆","","18卷","傅豫主修.","哈佛燕京圖書館藏珍稀方志","1753","1753","1736","1795","113.990395","33.596268"
"H008B","鹿邑縣志","縣","河南","周口","鹿邑縣","清","乾隆","","12卷","許菼等修.","哈佛燕京圖書館藏珍稀方志","1753","1753","1736","1795","115.481361","33.860767"
"H010E","黃山志","山水","安徽","黃山","黃山","清","乾隆","","七卷, 卷首一卷","閔麟嗣撰 ; 弘濟等参閱.","哈佛燕京圖書館藏珍稀方志","1753","1753","1736","1795","118.4039861","29.6833879"
"H013F","桃源洞天志","山水","湖南","常德","桃源洞天","清","乾隆","","1卷","蘭巖輯.","哈佛燕京圖書館藏珍稀方志","1754","1754","1736","1795","111.4341345","28.796301"
"H00DD","桐柏縣志","縣","河南","南陽","桐柏縣","清","乾隆","","8卷首1卷","鞏敬緖修 ; 李南暉纂.","哈佛燕京圖書館藏珍稀方志","1754","1754","1736","1795","113.39302","32.37075"
"H0193","棲霞縣志","縣","山東","煙臺","棲霞縣","清","乾隆","","10卷","衛萇纂修.","哈佛燕京圖書館藏珍稀方志","1754","1754","1736","1795","120.827072","37.302383"
"H0136","肅甯縣志","縣","河北","滄州","肅甯縣","清","乾隆","","十卷","尹侃等修.","哈佛燕京圖書館藏珍稀方志","1754","1754","1736","1795","115.83181","38.43177"
"H0113","雁山志","山水","浙江","溫州","雁山","清","乾隆","","一卷, 圖一卷","實行編 ; 廖壽彭撰","哈佛燕京圖書館藏珍稀方志","1754","1848","1736","1795","121.0497646","28.3508804"
"H0188","高密縣志","縣","山東","濰坊","高密縣","清","乾隆","","10卷首1卷末1卷","張乃史修 ; 錢廷熊纂","哈佛燕京圖書館藏珍稀方志","1754","1754","1736","1795","119.752564","36.385406"
"H0045","婺源縣志","縣","江西","上饒","婺源縣","清","乾隆","","39卷首1卷","俞雲耕等纂修.","哈佛燕京圖書館藏珍稀方志","1755","1757","1736","1795","117.844589","29.244728"
"H0108","淸凉山志","山水","山西","忻州","淸凉山","清","乾隆","","10卷","鎭澄[撰].","哈佛燕京圖書館藏珍稀方志","1755","1755","1736","1795","113.612489","38.9949803"
"H0107","盤山志","山水","天津","薊州","盤山","清","乾隆","","十六卷, 卷首五卷","蔣溥 ... [et al.] 纂.","哈佛燕京圖書館藏珍稀方志","1755","1755","1736","1795","117.2751225","40.0970346"
"H0185","章邱縣志","縣","山東","泰安地區","章邱縣","清","乾隆","","13卷首1卷","張萬靑纂修","哈佛燕京圖書館藏珍稀方志","1755","1755","1736","1795","117.48428","36.85273"
"H0121","西湖志纂","山水","浙江","杭州","西湖","清","乾隆","","十五卷","沈德潛, 傅王露輯 ; 梁詩正纂.","哈佛燕京圖書館藏珍稀方志","1755","1762","1736","1795","120.1258987","30.2430439"
"H0194","黃縣志","縣","山東","龍口市","黄縣","清","乾隆","封面鐫乾隆乙亥年重修, 敬慎堂藏板.","12卷","袁中立 ... [et al.].","哈佛燕京圖書館藏珍稀方志","1755","1755","1736","1795","120.48267","37.65942"
"H014F","嚴州府志","府","浙江","杭州","嚴州府","清","乾隆","","35卷首1卷","胡書源等纂 ; 吳士進修.","哈佛燕京圖書館藏珍稀方志","1756","1756","1736","1795","119.498856","29.544481"
"H00D3","琅鹽井志","鹽井志","雲南","楚雄彝族自治州","琅鹽井","清","乾隆","今併入屬鹽興縣. 卷1, 2 係鈔配本.","四卷","趙淳纂 ; 孫元相修.","哈佛燕京圖書館藏珍稀方志","1756","1756","1736","1795","101.6081579","25.3145727"
"H0130","直隸深州總志","州","河北","衡水市","深州","清","乾隆","","二十卷","尹侃纂修.","哈佛燕京圖書館藏珍稀方志","1756","1756","1736","1795","115.54887","38.01173"
"H013B","臨榆縣志","縣","河北","秦皇島","臨榆縣","清","乾隆","","14卷首1卷","鍾和梅修.","哈佛燕京圖書館藏珍稀方志","1756","1756","1736","1795","119.770241","40.010193"
"H0030","邯鄲縣志","縣","河北","邯鄲","邯鄲縣","清","乾隆","","12卷","王烔等修.","哈佛燕京圖書館藏珍稀方志","1756","1756","1736","1795","114.472038","36.593475"
"H002F","廣元縣志","縣","四川","廣元市","廣元縣","清","乾隆","","13卷首1卷","張賡謨纂修.","哈佛燕京圖書館藏珍稀方志","1757","1757","1736","1795","105.8316","32.44262"
"H0162","明州阿育王山志","山水","浙江","寧波","阿育王山","清","乾隆","清乾隆間 [i.e. between 1736 and 1795] 續修","十卷, 續志六卷","郭子章修 ; 畹荃續修.","哈佛燕京圖書館藏珍稀方志","1757","1757","1736","1795","121.6520499","29.8518369"
"H0034","荊州府志","府","湖北","荊州市","荊州府","清","乾隆","","58卷首1卷","施廷樞等纂 ; 葉仰高等修.","哈佛燕京圖書館藏珍稀方志","1757","1757","1736","1795","112.190773","30.350445"
"H0076","廣州府志","府","廣東","廣州","廣州府","清","乾隆","道署藏板.","60卷首1卷","沈廷芳等纂修","哈佛燕京圖書館藏珍稀方志","1758","1758","1736","1795","113.256066","23.134624"
"H0170","武定府志","府","山東","濱州市","武定府","清","乾隆","","38卷首1卷","荘肇奎纂; 赫達色修.","哈佛燕京圖書館藏珍稀方志","1758","1759","1736","1795","117.503891","37.482723"
"H00BE","萬泉縣志","縣","山西","運城","萬泉縣","清","乾隆","","8卷","張史筆纂 ; 畢宿焘修.","哈佛燕京圖書館藏珍稀方志","1758","1758","1736","1795","110.801264","35.36078"
"H00D7","温縣志","縣","河南","焦作","温縣","清","乾隆","","十二卷首一卷","王其華修 ; 苗于京纂.","哈佛燕京圖書館藏珍稀方志","1759","1759","1736","1795","113.07546","34.93812"
"H00D6","遂平縣志","縣","河南","駐馬店","遂平縣","清","乾隆","","16卷首1卷","金忠濟修 ; 祝暘纂.","哈佛燕京圖書館藏珍稀方志","1759","1759","1736","1795","113.98911","33.14784"
"H0060","崇明縣志","縣","上海","崇明","崇明縣","清","乾隆","","20卷","趙廷健纂修.","哈佛燕京圖書館藏珍稀方志","1760","1760","1736","1795","121.389893","31.627645"
"H0152","平陽縣志","縣","浙江","溫州","平陽縣","清","乾隆","","20卷首1卷","孫謙等纂 ; 徐恕等修.","哈佛燕京圖書館藏珍稀方志","1760","1760","1736","1795","120.556442","27.675718"
"H018C","嶧縣志","縣","山東","棗莊","嶧縣","清","乾隆","[嶧縣?], 清乾隆 26年 [1761]","10卷首1卷","忠璉纂訂.","哈佛燕京圖書館藏珍稀方志","1761","1761","1736","1795","117.58606","34.77"
"H0122","武林靈隱寺志","寺院","浙江","杭州","武林靈隱寺","清","康熙","","八卷","孫治初輯 ; 徐增重修 ; 戒顯較訂.","哈佛燕京圖書館藏珍稀方志","1762","1762","1662","1722","120.101482","30.240831"
"H0026","龍井見聞錄","寺院","浙江","杭州","龍井","清","光緒","","10卷","汪孟鋗","哈佛燕京圖書館藏珍稀方志","1762","1884","1875","1908","120.0913149","30.2352893"
"H0119","上方山志","山水","北京","房山","上方山","清","乾隆","","五卷, 卷首一卷","達聞撰 ; 吳仁敵較訂.","哈佛燕京圖書館藏珍稀方志","1764","1764","1736","1795","115.8294112","39.6651384"
"H0198","即墨縣志","縣","山東","青島","即墨縣","清","乾隆","乾隆甲申年[1764]鐫","12卷首1卷","尤淑孝裁定 ; 李元正修輯.","哈佛燕京圖書館藏珍稀方志","1764","1764","1736","1795","120.450409","36.382107"
"H0178","魚臺縣志","縣","山東","濟寧市","魚臺縣","清","乾隆","修刊本.","13卷首1卷末1卷","馮振鴻等纂修.","哈佛燕京圖書館藏珍稀方志","1764","1764","1736","1795","116.465363","34.936798"
"H0128","平山堂圖志","寺院","江蘇","揚州","平山堂","清","乾隆","","10卷","趙之璧","哈佛燕京圖書館藏珍稀方志","1765","1765","1736","1795","119.4135506","32.4198342"
"H015D","涿州志","州","河北","涿州","涿州","清","乾隆","","二十二卷首一卷","吳山鳳纂修.","哈佛燕京圖書館藏珍稀方志","1765","1765","1736","1795","115.96815","39.48722"
"H00C8","聞喜縣志","縣","山西","運城","聞喜縣","清","乾隆","重修本.","12卷","李遵唐主修.","哈佛燕京圖書館藏珍稀方志","1765","1765","1736","1795","111.217209","35.357723"
"H00BD","垣曲縣志","縣","山西","運城","垣曲縣","清","乾隆","","14卷","湯登沺主修.","哈佛燕京圖書館藏珍稀方志","1766","1766","1736","1795","111.87706","35.096607"
"H0132","柏鄉縣志","縣","河北","刑臺","柏鄉縣","清","乾隆","","10卷首1卷","鍾賡華纂修.","哈佛燕京圖書館藏珍稀方志","1766","1766","1736","1795","114.68058","37.49469"
"H00A6","光州志","州","河南","信陽","光州","清","乾隆","","68卷附志餘12卷","高兆煌等纂修.","哈佛燕京圖書館藏珍稀方志","1767","1770","1736","1795","115.044579","32.130302"
"H0050","壽州志","州","安徽","六安","壽州","清","乾隆","","12卷首1卷末1卷","席芑纂修.","哈佛燕京圖書館藏珍稀方志","1767","1767","1736","1795","116.777115","32.575748"
"H0112","天台山方外志要","山水","浙江","台州","天台山","清","乾隆","","十卷, 首一卷圖","齊召南編訂.","哈佛燕京圖書館藏珍稀方志","1767","1767","1736","1795","121.1758432","29.2367704"
"H016E","烏里雅蘇臺志略","區域","蒙古國","札布汗","烏里雅蘇臺","清","嘉慶","日本傳鈔綠格紙本","不分卷","清佚名撰","哈佛燕京圖書館藏珍稀方志","1767","1767","1796","1820","96.77205","47.73986"
"H003A","南安府志","府","江西","贛州","南安府","清","乾隆","","22卷","史珥纂; 蔣有道修.","哈佛燕京圖書館藏珍稀方志","1768","1768","1736","1795","114.350571","25.399954"
"H0087","福建續志","省","福建","福州","福建省","清","乾隆","","92卷首1卷","沈廷芳等纂 ; 定長等修.","哈佛燕京圖書館藏珍稀方志","1768","1769","1736","1795","119.321577","26.073954"
"H0173","東平州志","州","山東","泰安","東平州","清","乾隆","","20卷首1卷補遺1卷","胡彥升等纂; 沈維基修.","哈佛燕京圖書館藏珍稀方志","1770","1771","1736","1795","116.299171","35.910343"
"H0190","茌平縣志","縣","山東","聊城","茌平縣","清","康熙","[清康熙四十年 (1701)]","五卷","孫克緖纂; 王世臣修.","哈佛燕京圖書館藏珍稀方志","1770","1770","1662","1722","116.250229","36.586616"
"H0126","篁墩程朱闕里祠志","祠廟","安徽","黃山","篁墩程朱闕里祠","清","乾隆","","八卷","徐光文編輯 ; 程世錫分纂 ; 吳翼堂鑒定.","哈佛燕京圖書館藏珍稀方志","1771","1771","1736","1795","118.3573","29.76885"
"H00B6","翼城縣志","縣","山西","臨汾地區","翼城縣","清","乾隆","重修刋本.","28卷","許崇楷纂修.","哈佛燕京圖書館藏珍稀方志","1771","1771","1736","1795","111.708443","35.738762"
"H007E","奉化縣志","縣","浙江","寧波","奉化縣","清","乾隆","","14卷首1卷","陳琦纂 ; 曹膏等修.","哈佛燕京圖書館藏珍稀方志","1772","1773","1736","1795","121.406906","29.651657"
"H0141","永平府志","府","河北","秦皇島市","永平府","清","乾隆","","24卷首1卷末1卷","王金英等纂 ; 李奉翰等修.","哈佛燕京圖書館藏珍稀方志","1772","1773","1736","1795","118.861954","39.877323"
"H0115","鼓山志","山水","福建","福州","鼓山","清","光緒","","十四卷, 首一卷","黄任修輯 ; 張伯謨参訂 ; 李拔鑒定.","哈佛燕京圖書館藏珍稀方志","1772","1876","1875","1908","119.3937238","26.0727773"
"H009E","柘城縣志","縣","河南","商丘市","柘城縣","清","乾隆","重修刊本.","十八首一卷","李志魯纂修.","哈佛燕京圖書館藏珍稀方志","1773","1773","1736","1795","115.29646","34.07661"
"H0145","皖典類編","省","安徽","潛山","安慶府","清","乾隆","序乾隆三十八年[1773]","8卷","潘才纂.","哈佛燕京圖書館藏珍稀方志","1773","1773","1736","1795","117.03468","30.51229"
"H00C0","太平縣志","縣","安徽","黃山","太平縣","清","乾隆","","10卷","張鍾秀纂修.","哈佛燕京圖書館藏珍稀方志","1775","1775","1736","1795","118.19133","30.309418"
"H0035","威遠縣志","縣","雲南","普洱","威遠縣","清","乾隆","","8卷首1卷","張翼儒纂 ; 李南暉修.","哈佛燕京圖書館藏珍稀方志","1775","1775","1736","1795","100.69958","23.49908"
"H0055","吉安府志","府","江西","吉安","吉安府","清","乾隆","知府李鎔经補刋本. 清乾隆39至41年[1774-76]修.","74卷首1卷","朱承煦纂 ; 盧崧.","哈佛燕京圖書館藏珍稀方志","1776","1842","1736","1795","114.97128","27.10324"
"H012A","關中勝蹟圖志","區域","陝西","西安","關中勝蹟","清","乾隆","","三〇卷, 圖一卷","畢沅撰.","哈佛燕京圖書館藏珍稀方志","1776","1776","1736","1795","108.90698","34.24642"
"H0127","新疆外藩紀略","省","新疆","烏魯木齊","烏魯木齊","清","乾隆","","二卷","七十一","哈佛燕京圖書館藏珍稀方志","1777","1779","1736","1795","87.60406","43.79072"
"H002B","臯蘭縣志","縣","甘肅","蘭州","臯蘭縣","清","乾隆","","二十卷","黄建中纂 ; 吳鼎新修.","哈佛燕京圖書館藏珍稀方志","1777","1777","1736","1795","103.84714","36.04703"
"H0124","(敕封)天后志","祠廟","福建","莆田","敕封天后","清","乾隆","","二卷","林清標輯","哈佛燕京圖書館藏珍稀方志","1778","1850","1736","1795","119.097494","25.1230479"
"H012B","欽定盛京通志","省","遼寧","瀋陽","盛京","清","乾隆","","130卷首1卷","劉謹之等纂 ; 阿桂等奉敕修.","哈佛燕京圖書館藏珍稀方志","1778","1779","1736","1795","123.41988","41.78825"
"H00F0","淮關統志","關隘","江蘇","淮安","淮關","清","乾隆","淮關刊本.","14卷","伊齡阿","哈佛燕京圖書館藏珍稀方志","1778","1778","1736","1795","118.7674917","33.6030117"
"H00C4","渭南志","縣","陝西","渭南","渭南縣","清","乾隆","","14卷","王以誠纂修.","哈佛燕京圖書館藏珍稀方志","1778","1778","1736","1795","109.501236","34.502998"
"H00BB","祁縣志","縣","山西","晉中市","祁縣","清","乾隆","","16卷","陳時字纂修.","哈佛燕京圖書館藏珍稀方志","1778","1778","1736","1795","112.3153","37.35382"
"H00D4","郿縣志","縣","陝西","寶雞地區","郿縣","清","乾隆","","18卷首1卷","張若修.","哈佛燕京圖書館藏珍稀方志","1778","1778","1736","1795","107.75479","34.27356"
"H0082","餘姚志","縣","浙江","寧波地區","餘姚縣","清","乾隆","","40卷","唐若瀛纂修.","哈佛燕京圖書館藏珍稀方志","1778","1781","1736","1795","121.152763","30.049067"
"H0159","岐山縣志","縣","陝西","寶雞地區","岐山縣","清","乾隆","","8卷","蔣兆甲纂 ; 郭履恒等修.","哈佛燕京圖書館藏珍稀方志","1779","1779","1736","1795","107.62709","34.439636"
"H008A","揭陽縣志","縣","廣東","揭陽","揭陽縣","清","乾隆","","8卷首1卷","凌魚等纂 ; 劉業勤修.","哈佛燕京圖書館藏珍稀方志","1779","1779","1736","1795","116.349769","23.542976"
"H00B0","五臺縣志","縣","山西","忻州","五臺縣","清","乾隆","","8卷首1卷","王秉韜纂修.","哈佛燕京圖書館藏珍稀方志","1780","1780","1736","1795","113.259209","38.719177"
"H010D","清涼山志輯要","山水","山西","忻州","清涼山","清","乾隆","","二卷","汪本直輯.","哈佛燕京圖書館藏珍稀方志","1780","1780","1736","1795","113.612489","38.9949803"
"H00D1","同州府志","府","陝西","渭南","同州府","清","乾隆","","60卷首1卷","吳泰來纂修.","哈佛燕京圖書館藏珍稀方志","1781","1781","1736","1795","109.939082","34.797245"
"H004B","潛山縣志","縣","安徽","安慶","潛山縣","清","乾隆","","二十四","游端友等纂 ; 李載陽修.","哈佛燕京圖書館藏珍稀方志","1781","1781","1736","1795","116.5672","30.630346"
"H0195","惠民縣志","縣","山東","濱州市","惠民縣","清","乾隆","","10卷首1卷","倭什布主修 ; 劉長靈, 周中規纂修.","哈佛燕京圖書館藏珍稀方志","1782","1782","1736","1795","117.503891","37.482723"
"H0172","邱縣志","縣","河北","邯鄲市","邱縣","清","乾隆","修刊本.","8卷","黃景曾等修.","哈佛燕京圖書館藏珍稀方志","1782","1782","1736","1795","115.15681","36.71392"
"H00B1","盂縣志","縣","山西","陽泉市","盂縣","清","乾隆","","10卷首1卷末1卷","吳森纂 ; 馬廷俊修.","哈佛燕京圖書館藏珍稀方志","1784","1784","1736","1795","113.41297","38.09096"
"H00CC","直隸邠州志","州","陝西","咸陽","邠州","清","乾隆","","25卷","王朝爵主修 ; 孫星衍纂.","哈佛燕京圖書館藏珍稀方志","1784","1844","1736","1795","108.077988","35.039658"
"H00D8","長安志","縣","陝西","西安","長安","宋","熙寧","","20卷圖3卷","宋敏求撰 ; 畢沅校.","哈佛燕京圖書館藏珍稀方志","1784","1784","1068","1077","108.687021","34.2590616"
"H014B","寶雞縣志","縣","陝西","寶雞地區","寶雞縣","清","乾隆","","16卷","董詔等纂 ; 鄧夢琴修.","哈佛燕京圖書館藏珍稀方志","1785","1785","1736","1795","107.240168","34.3616202"
"H0187","濟寧直隸州志","州","山東","濟寧市","濟寧州","清","乾隆","","34卷首1卷","盛百二纂; 王道亨修.","哈佛燕京圖書館藏珍稀方志","1785","1785","1736","1795","116.577865","35.410431"
"H002E","潼川府志","府","四川","綿陽市","潼川府","清","乾隆","","12卷","李芳穀等纂 ; 張松孫修.","哈佛燕京圖書館藏珍稀方志","1786","1786","1736","1795","105.08757","31.09462"
"H0183","大清一統志輯要","一統","北京","北京","北京","清","乾隆","","50卷","洪亮吉撰 ; 山左輿國局校","哈佛燕京圖書館藏珍稀方志","1788","1902","1736","1795","116.3705288","39.9084747"
"H0048","黔陽縣志","縣","湖南","懷化市","黔陽縣","清","乾隆","","42卷","危元福纂 ; 姚文起修.","哈佛燕京圖書館藏珍稀方志","1788","1789","1736","1795","109.81185","27.19513"
"H0054","南昌府志","府","江西","南昌","南昌府","清","乾隆","","76卷首1卷末1卷","謝啓昆等纂 ; 陳蘭森等修.","哈佛燕京圖書館藏珍稀方志","1789","1789","1736","1795","115.89772","28.674896"
"H0078","寧志餘聞","縣","浙江","海寧","海寧州","清","乾隆"," 小清儀阁寫本","八卷","周廣業纂修.","哈佛燕京圖書館藏珍稀方志","1789","1789","1736","1795","120.5375","30.40628"
"H00B7","虞鄉縣志","縣","山西","運城","虞鄉縣","清","乾隆","","12卷","周大儒纂修.","哈佛燕京圖書館藏珍稀方志","1789","1789","1736","1795","110.617546","34.859409"
"H0151","平湖縣志","縣","浙江","嘉興","平湖縣","清","乾隆","","10卷首1卷末1卷","張誠等纂 ; 王恒修.","哈佛燕京圖書館藏珍稀方志","1790","1790","1736","1795","121.012344","30.70422"
"H0114","廣雁蕩山志","山水","浙江","溫州","雁蕩山","清","乾隆","","二八卷, 卷首末各一卷","曾唯增輯.","哈佛燕京圖書館藏珍稀方志","1790","1790","1736","1795","121.0497646","28.3508804"
"H0110","攝山志","山水","南京","棲霞","攝山","清","乾隆","","八卷, 卷首一卷","陳毅撰 ; 汪志伊補訂.","哈佛燕京圖書館藏珍稀方志","1790","1790","1736","1795","118.9522824","32.1581733"
"H0027","衛藏圖識","省","西藏自治區","拉薩","衛藏","清","乾隆","","4卷蠻語1卷","馬揭, 盛繩祖輯","哈佛燕京圖書館藏珍稀方志","1792","1792","1736","1795","91.16425","29.70738"
"H008E","鬱林州志","州","廣西","玉林","鬱林州","清","乾隆","","10卷","邱桂山等修.","哈佛燕京圖書館藏珍稀方志","1792","1792","1736","1795","110.1178324","22.6378735"
"H017B","三藏志畧","省","西藏自治區, 四川","拉薩","康, 衛, 藏","清","乾隆","抄本；補纂部分成于道光(1821－1850)中期 (Capa)","2卷","沈宗衍, 岳鍾琪著","哈佛燕京圖書館藏珍稀方志","1795","1795","1736","1795","91.0052384","29.6490404"
"H010A","寶華山志","山水","江蘇","鎮江","寶華山","清","乾隆","","十五卷, 卷首","劉名芳纂修.","哈佛燕京圖書館藏珍稀方志","1795","1795","1736","1795","119.0759621","32.1411555"
"H0042","常昭合志","縣","江蘇","蘇州","常熟縣,昭文縣","清","嘉慶","","12卷首1卷","言如泗等纂 ; 王錦, 楊繼熊等修.","哈佛燕京圖書館藏珍稀方志","1795","1805","1796","1820","120.73379","31.64658"
"H00DB","魯山縣志","縣","河南","平頂山","魯山縣","清","乾隆","","26卷","武億, 董作棟纂修.","哈佛燕京圖書館藏珍稀方志","1795","1796","1736","1795","112.901939","33.737118"
"H0041","灃志舉要","州","湖南","澧縣","澧州","清","乾隆","","3卷","潘相修 ; 潘承煒續輯校刋","哈佛燕京圖書館藏珍稀方志","1797","1797","1736","1795","111.75699","29.64015"
"H007C","嘉善縣志","縣","浙江","嘉善","嘉善縣","清","嘉慶","","20卷首1卷","錢星查等纂 ; 萬相賓修","哈佛燕京圖書館藏珍稀方志","1799","1800","1796","1820","120.92585","30.830898"
"H0065","丹徒縣志","縣","江蘇","鎮江","丹徒縣","清","嘉慶","","47卷首4卷","蔣宗海等纂 ; 貴中孚等修.","哈佛燕京圖書館藏珍稀方志","1803","1803","1796","1820","119.433853","32.131962"
"H001E","羊城古鈔","府","廣東","廣州","廣州","清","嘉慶","","8卷首1卷","仇池石","哈佛燕京圖書館藏珍稀方志","1806","1806","1796","1820","113.264385","23.12911"
"H00AB","續掖縣志","縣","山東","煙臺","掖縣","清","嘉慶","","4卷","[李兆元... et al. 編纂].","哈佛燕京圖書館藏珍稀方志","1807","1807","1796","1820","119.938004","37.17543"
"H006A","瑞安縣志","縣","浙江","溫州","瑞安市","清","嘉慶","","10卷首1卷","黄徵義等纂 ; 張德標修","哈佛燕京圖書館藏珍稀方志","1808","1808","1796","1820","120.655148","27.778657"
"H0155","伊犁總統事略","省","新疆維吾爾自治區","霍城","伊犁府","清","道光","","12卷附西陲竹枝詞1卷","祁韻士... et al. 編纂","哈佛燕京圖書館藏珍稀方志","1809","1809","1821","1850","80.86755","44.05172"
"H0068","同里志","鎮","江蘇","蘇州","同里","清","嘉慶","重鉛印本","24卷","周之楨","哈佛燕京圖書館藏珍稀方志","1812","1917","1796","1820","120.723089","31.149895"
"H0002","蜀典","省","四川","成都","四川省","清","嘉慶","重雕本","12卷","張澍編輯","哈佛燕京圖書館藏珍稀方志","1812","1876","1796","1820","104.078","30.65039"
"H0057","邳州志","州","江蘇","徐州","邳州","清","嘉慶","","18卷首1卷","陳爕等纂 ; 丁觀堂修.","哈佛燕京圖書館藏珍稀方志","1812","1812","1796","1820","117.963066","34.47102"
"H00F1","續纂淮關統志","關隘","江蘇","淮安","淮關","清","嘉慶","","13卷","元成纂.","哈佛燕京圖書館藏珍稀方志","1816","1816","1796","1820","118.7674917","33.6030117"
"H003E","臨川縣續志","縣","江西","撫州","臨川縣","清","嘉慶","","12卷","秦沆纂修.","哈佛燕京圖書館藏珍稀方志","1816","1816","1796","1820","116.351341","27.984781"
"H0144","歷陽典錄","縣","安徽","馬鞍山","歷陽","清","嘉慶","","34卷 補6卷","陳廷桂纂輯.","哈佛燕京圖書館藏珍稀方志","1818","1829","1796","1820","118.1231418","31.7614518"
"H003C","泰和縣志","縣","江西","吉安","泰和縣","清","道光","","48卷","楊訒纂修 ; 徐迪惠訂正","哈佛燕京圖書館藏珍稀方志","1823","1826","1821","1850","114.908872","26.789958"
"H000F","河北採風録","省","河南","新鄉","彰德府, 衛輝府, 懷慶府","清","道光","","4卷","王鳳生","哈佛燕京圖書館藏珍稀方志","1826","1826","1821","1850","113.74489","35.2925153"
"H00C5","雲南備徵志","省","雲南","昆明","雲南省","清","宣統","重刊雲南備徵志 edition (1910) included in 雲南叢書 (1914) (capa)","21卷","王崧纂輯","哈佛燕京圖書館藏珍稀方志","1831","1914","1909","1911","101.3431058","24.4752847"
"H0066","無錫金匱續志","縣","江蘇","無錫","無錫","清","道光","","10卷首1卷","楊熙之等纂 ; 李彭齡修","哈佛燕京圖書館藏珍稀方志","1840","1913","1821","1850","120.31191","31.491169"
"H0067","元和唯亭志","鎮","江蘇","蘇州","唯亭","清","道光","","20卷首1卷末1卷","沈藻采等","哈佛燕京圖書館藏珍稀方志","1848","1934","1821","1850","120.694905","31.347059"
"H0020","山東考古録","省","山東","濟南","山東省","清","光緒","1850重刊本","32卷","葉圭綬","哈佛燕京圖書館藏珍稀方志","1850","1882","1875","1908","117.00149","36.65013"
"H003D","長寧縣志","縣","江西","贛州","長甯縣","清","咸豐","","4卷首一卷末一卷","曾撰等纂 ; 蘇霈芬等修","哈佛燕京圖書館藏珍稀方志","1851","1860","1851","1861","104.921174","28.582169"
"H00FF","開原縣志","縣","遼寧","鐵嶺","開原縣","清","咸豐","","8卷首1卷","全祿修，張式金纂","哈佛燕京圖書館藏珍稀方志","1857","1857","1851","1861","124.038268","42.546307"
"H00D9","福建通志","省","福建","福州","福建省","清","道光","","政事略15卷","劉建韶撰.","哈佛燕京圖書館藏珍稀方志","1861","1861","1821","1850","119.321577","26.073954"
"H016B","冰嶺紀程","山水","新疆維吾爾自治區","阿克蘇地區","冰嶺","清","同治","精寫手稿本.","一卷, 附 度嶺吟 一卷","景廉撰.","哈佛燕京圖書館藏珍稀方志","1863","1863","1862","1874","80.26083","41.16687"
"H000C","明州繫年錄","州","浙江","寧波","明州","清","光緒","","7卷","董沛述","哈佛燕京圖書館藏珍稀方志","1866","1878","1875","1908","121.54266","29.86632"
"H00FA","畿輔通志","省","河北, 北京, 天津","保定","畿輔","清","同治","木刻本","300卷","黃彭年等纂 ; 李鴻章修","哈佛燕京圖書館藏珍稀方志","1872","1885","1862","1874","115.50209","38.8557"
"H0022","豫乘識小録","省","河南","開封","開封","清","同治","","2卷","朱雲錦","哈佛燕京圖書館藏珍稀方志","1873","1873","1862","1874","114.34333","34.78548"
"H000E","閩雜記","省","福建","福州","福州","清","光緒","","12卷","施鴻保","哈佛燕京圖書館藏珍稀方志","1875","1875","1875","1908","119.32158","26.07395"
"H009C","青縣志","縣","河北","滄州","青縣","清","光緒","","10卷","茹岱林等纂 ; 江貢琛修","哈佛燕京圖書館藏珍稀方志","1875","1882","1875","1908","116.83639","38.576379"
"H003F","金陵瑣志","市","江西","南京","南京市","清","光緒","","6卷","陳作霖等編","哈佛燕京圖書館藏珍稀方志","1876","1885","1875","1908","118.796877","32.060255"
"H0016","馬嵬志","山水","陝西","興平","馬嵬","清","光緒","","16卷首1卷","胡鳳丹纂修","哈佛燕京圖書館藏珍稀方志","1876","1877","1875","1908","108.3689","34.31767"
"H00CD","延慶州志","州","北京","延慶","延慶州","清","光緒","覆光緒5年刋本","12卷首1卷末1卷","張惇德纂 ; 何道增等修","哈佛燕京圖書館藏珍稀方志","1879","1921","1875","1908","115.974848","40.456951"
"H0010","恒山續志","山水","山西","大同","恒山","清","光緒","","一卷","賀澍恩續","哈佛燕京圖書館藏珍稀方志","1879","1879","1875","1908","113.5985317","39.7062467"
"H00FD","奉化縣志","縣","吉林","四平","奉化縣","清","光緒","版藏本署","14卷末1卷","錢開震","哈佛燕京圖書館藏珍稀方志","1885","1885","1875","1908","124.33539","43.30706"
"H016C","鎮安縣志","縣","陝西","商洛","鎮安縣","清","光緒","精寫稿本.","1卷","不著纂修人.","哈佛燕京圖書館藏珍稀方志","1886","1886","1875","1908","109.15329","33.431843"
"H000D","永嘉聞見錄","縣","浙江","溫州","永嘉縣","清","光緒","","2卷","孫同元","哈佛燕京圖書館藏珍稀方志","1888","1888","1875","1908","120.65322","28.01829"
"H0098","貴縣志","縣","廣西","貴港","貴縣","清","光緒","","8卷","梁吉祥等纂 ; 王仁鍾等修","哈佛燕京圖書館藏珍稀方志","1893","1894","1875","1908","109.598926","23.11153"
"H006D","台州府志","州","浙江","臨海","台州","清","光緒","台州旅杭同鄉會，鉛印本 (Capa)","100卷","王舟瑤纂 ; 王佩瑤校","哈佛燕京圖書館藏珍稀方志","1897","1926","1875","1908","121.42076","28.65638"
"H0064","泰伯梅里志","鄉","江蘇","無錫","無錫市","清","光緒","","8卷","吳熙","哈佛燕京圖書館藏珍稀方志","1897","1897","1875","1908","120.31191","31.491169"
"H0006","江西要覽","省","江西","南昌","江西省","清","光緒","據文義堂本新刻","20卷","陳炳星纂輯 ; 陳增玉校","哈佛燕京圖書館藏珍稀方志","1900","1900","1875","1908","115.89772","28.6749"
"H000B","江寧府七縣地形考略","府","江蘇","南京","江寧府","清","光緒","","不分卷","黄起鳳等同校","哈佛燕京圖書館藏珍稀方志","1901","1901","1875","1908","118.76899","32.05256"
"H0046","婺源鄉土志","縣","江西","上饒","婺源縣","清","光緒","","不分卷","董鍾琪等原撰 ; 王鴻椿校正","哈佛燕京圖書館藏珍稀方志","1908","1908","1875","1908","117.861797","29.248085"
"H007F","新會鄉土志","鄉","廣東","新會","新會縣","清","宣統","粵東編譯公司承印, 铅印本（capa)","15篇","譚鑣纂修.","哈佛燕京圖書館藏珍稀方志","1908","1908","1909","1911","113.034187","22.4583"
"H00FE","遼陽鄉土志","縣","遼寧","遼陽","遼陽州","清","光緒","","不分卷","永貞","哈佛燕京圖書館藏珍稀方志","1908","1908","1875","1908","123.105694","41.205329"
"H0047","彙刻太倉舊志五種","州","江蘇","太倉","太倉州","清","宣統","","26卷","龔明之 ... et al. 著","哈佛燕京圖書館藏珍稀方志","1909","1909","1909","1911","121.13055","31.457735"
"H0052","上元江寧鄉土志","縣","江蘇","南京","江寧區","清","宣統","","6卷","陳作霖","哈佛燕京圖書館藏珍稀方志","1910","1910","1909","1911","118.839685","31.953702"
"H017F","盤山廳志","廳","遼寧","盤錦","盤山廳","清","宣統","修補本 (capa) ","1卷","楊紹宗[纂修]","哈佛燕京圖書館藏珍稀方志","1910","1910","1909","1911","121.996499","41.242873"
"H00C3","西藏新志","省","西藏","拉薩","西藏","清","宣統","鉛印本","3卷","許光世, 蔡晉成編","哈佛燕京圖書館藏珍稀方志","1911","1911","1909","1911","91.13447","29.65235"
"H002D","西康建省記","省","四川","甘孜藏族自治州","西康","民國","民國","","","傅嵩著 ; 陳棟樑重刊","哈佛燕京圖書館藏珍稀方志","1912","1932","1911","1949","100.6298538","29.9462008"
"H0104","雙陽縣鄉土志","縣","吉林","長春","雙陽縣","民國","民國","","不分卷","吳榮桂","哈佛燕京圖書館藏珍稀方志","1914","1914","1911","1949","125.664662","43.525311"
"H0019","直隸風土調查録","省","河北, 河南, 天津, 北京","北京","直隸省","民國","民國","","","直隸省視學編纂","哈佛燕京圖書館藏珍稀方志","1915","1915","1911","1949","116.06543","39.80779"
"H001F","山東鄒縣地理志","縣","山東","濟寧","鄒縣","民國","民國","","不分卷","張丕矩","哈佛燕京圖書館藏珍稀方志","1917","1917","1911","1949","117.003743","35.405184"
"H0182","鍾南淮北區域志","區域","江蘇","南京","南京","民國","民國","石印本.","3卷","陳詒紱編輯 ; [陳作霖鑒定]","哈佛燕京圖書館藏珍稀方志","1917","1917","1911","1949","118.796877","32.060255"
"H0100","開原縣志","縣","遼寧","鐵嶺","開原縣","民國","民國","","6卷","趙家幹","哈佛燕京圖書館藏珍稀方志","1917","1917","1911","1949","124.038268","42.546307"
"H0080","雙林鎮志","鎮","浙江","湖州","雙林鎮","民國","民國","鉛印本.","32卷","不詳","哈佛燕京圖書館藏珍稀方志","1917","1917","1911","1949","120.330318","30.772513"
"H0181","蓋平縣鄉土志","縣","遼寧","營口","蓋平縣","民國","民國","石印本","2卷","崔正峰, 郭春藻編輯","哈佛燕京圖書館藏珍稀方志","1920","1920","1911","1949","122.348936","40.400611"
"H0103","大中華吉林地理志","省","吉林","吉林","吉林省","民國","民國","","","林傳甲","哈佛燕京圖書館藏珍稀方志","1921","1921","1911","1949","126.4371385","43.1520105"
"H00CB","宜良縣志","縣","雲南","昆明","宜良縣","民國","民國","","10卷","許實纂 ; 王槐榮等修","哈佛燕京圖書館藏珍稀方志","1921","1921","1911","1949","103.141335","24.919532"
"H0031","湖北通志","省","湖北","武昌","湖北省","民國","民國","精裝版 ; 影印本 of the 1921 ed. (capa)","172卷首1卷末1卷","楊承禧","哈佛燕京圖書館藏珍稀方志","1921","1934","1911","1949","114.2703269","30.5619152"
"H0105","呼倫貝爾志略","市","內蒙古自治區","呼倫貝爾","呼倫貝爾區","民國","民國","","不分卷","程廷恆","哈佛燕京圖書館藏珍稀方志","1922","1924","1911","1949","119.48865","49.2009262"
"H0083","新塍鎮志","鎭","浙江","嘉興","新塍鎭","民國","民國","","26卷首1卷","朱士楷等纂輯","哈佛燕京圖書館藏珍稀方志","1922","1923","1911","1949","120.6056674","30.7970054"
"H0084","佛山忠義鄉志","鄉","廣東","南海","佛山鎮","民國","民國","","19卷首1卷","盧公輔","哈佛燕京圖書館藏珍稀方志","1923","1923","1911","1949","113.121435","23.021478"
"H0009","滇繹","省","雲南","昆明","滇","民國","民國","","4卷","袁嘉穀","哈佛燕京圖書館藏珍稀方志","1923","1923","1911","1949","102.600965","25.0213216"
"H005C","瓜州志","州","江蘇","揚州","瓜洲鎮，江都縣","清","嘉慶","","8卷首1卷","總纂訂吳耆德，王養度；編輯馮錦","哈佛燕京圖書館藏珍稀方志","1923","1923","1796","1820","119.38907","32.250675"
"H00FC","雙山縣鄉土志","縣","吉林","四平","雙山縣","民國","民國","","不分卷","牛爾裕编","哈佛燕京圖書館藏珍稀方志","1924","1924","1911","1949","123.1443645","43.7368556"
"H0017","北戴河海濱志略","區域","河北","秦皇島","北戴河海濱","民國","民國","","","管洛聲","哈佛燕京圖書館藏珍稀方志","1925","1925","1911","1949","119.2908212","39.8503848"
"H0180","錫金續識小錄","縣","江蘇","無錫","無錫","民國","民國","","6卷","竇鎮編輯","哈佛燕京圖書館藏珍稀方志","1925","1925","1911","1949","120.31191","31.491169"
"H0085","嘉泰會稽志","縣","浙江省","紹興","紹興縣","宋","寶慶","","8卷","不詳","哈佛燕京圖書館藏珍稀方志","1926","1926","1225","1227","120.57826","30.00451"
"H0101","續修懷德縣志","縣","吉林","四平","懷德縣","民國","民國","","12卷","孫雲章總纂修","哈佛燕京圖書館藏珍稀方志","1929","1934","1911","1949","105.6988892","21.0243168"
"H008C","龍山鄉志","鄉","廣東","佛山","龍山鄉","民國","民國","","15卷","温肅等纂.","哈佛燕京圖書館藏珍稀方志","1930","1930","1911","1949","113.07374","22.86874"
"H0012","增訂吉林地理紀要","省","吉林","吉林","吉林省","民國","民國","","2卷","魏聲龢編著","哈佛燕京圖書館藏珍稀方志","1931","1931","1911","1949","125.6711773","43.5997757"
"H0001","定縣社會概況調查","縣","河北","保定","定縣","民國","民國","","","李景漢編","哈佛燕京圖書館藏珍稀方志","1933","1933","1911","1949","114.990392","38.516461"
"H0063","寶山縣月浦里志","縣","上海","寶山","月浦鎮, 寶山縣","民國","民國","","15卷首1卷附錄1卷","總纂陳應康 ; 分纂郭永芬 and others","哈佛燕京圖書館藏珍稀方志","1933","1933","1911","1949","121.421874","31.420287"
"H0007","湖南地理志","省","湖南","長沙","湖南省","民國","民國","","","傅角今編著","哈佛燕京圖書館藏珍稀方志","1933","1933","1911","1949","111.8568586","27.6252995"
"H0102","吉林新志","省","吉林","吉林","吉林省","民國","民國","校訂本（capa）","2卷","劉爽","哈佛燕京圖書館藏珍稀方志","1934","1934","1911","1949","126.4371385","43.1520105"
"H0014","綏遠省分縣調查概要","省","內蒙古自治區","呼和浩特","綏遠省","民國","民國","","","楊增之等編","哈佛燕京圖書館藏珍稀方志","1934","1934","1911","1949","111.749995","40.842356"
"H0013","綏遠省各縣鄉村調查紀實","省","內蒙古自治區","呼和浩特","綏遠省","民國","民國","","第1集","","哈佛燕京圖書館藏珍稀方志","1934","1934","1911","1949","111.749995","40.842356"
"H00FB","莊河縣志","縣","遼寧","大河","莊河縣","民國","民國","","18卷首1卷末1卷","楊維嶓... et al. 編纂","哈佛燕京圖書館藏珍稀方志","1934","1934","1911","1949","122.967328","39.680811"
"H0033","嘉慶一統志表","一統","北京","北京","順天府","民國","民國","初版","","","哈佛燕京圖書館藏珍稀方志","1935","1935","1911","1949","116.3705288","39.9084747"
"H0075","廣東通志列傳","省","廣東","廣州","廣東省","民國","民國","國立中山大學鉛印本","4卷","温廷敬輯纂","哈佛燕京圖書館藏珍稀方志","1935","1949","1911","1949","113.7632828","23.3790333"
"H0086","路橋志略","鎮","浙江","台州","路橋鎮","民國","民國","","6卷","楊晨編 ; 楊紹翰增補","哈佛燕京圖書館藏珍稀方志","1935","1935","1911","1949","121.419151","28.52013"
"H0040","江蘇六十一縣志","省","江蘇","鎮江","江蘇省","民國","民國","初版","2卷","殷惟龢","哈佛燕京圖書館藏珍稀方志","1936","1936","1911","1949","119.7889248","33.1401715"
"H0062","浙江新志","省","浙江","杭州","浙江省","民國","民國","第1版","2卷","姜卿雲","哈佛燕京圖書館藏珍稀方志","1936","1936","1911","1949","119.8917005","30.2610923"
"H004A","渦陽縣志略","縣","安徽","毫州","渦陽縣","民國","民國","","不分卷","朱國衡等纂","哈佛燕京圖書館藏珍稀方志","1936","1936","1911","1949","116.215665","33.49292"
"H004C","雲間雜識","縣","上海","松江","雲間郡","民國","民國","","2卷","李紹文","哈佛燕京圖書館藏珍稀方志","1936","1936","1911","1949","121.22764","31.00948"
"H0106","河北省治市縣沿革志略","省","河北","清苑","河北省","民國","民國","","不分卷","戴書紳","哈佛燕京圖書館藏珍稀方志","1937","1937","1911","1949","114.9042208","37.8956594"
"H0005","江蘇省鄉土志","省","江蘇","南京","江蘇省","民國","民國","初版","2卷","王培棠","哈佛燕京圖書館藏珍稀方志","1938","1938","1911","1949","119.7889248","33.1401715"
"H001C","河北省徐水縣事情","縣","河北","保定","徐水縣","民國","民國","","","卞乾孫","哈佛燕京圖書館藏珍稀方志","1938","1938","1911","1949","115.655774","39.018736"
"H001D","河北省清宛縣事情","縣","河北","保定","清苑縣","民國","民國","","","卞乾孫","哈佛燕京圖書館藏珍稀方志","1938","1938","1911","1949","115.50209","38.8557"
"H000A","蒙藏新志","省","內外蒙, 青海, 西康, 西藏自治區","蒙藏","海西蒙古族藏族自治州","民國","民國","","","黃奮生","哈佛燕京圖書館藏珍稀方志","1938","1938","1911","1949","97.0160864","37.3482596"
"H001B","河北省宛平縣事情","縣","北京","豐臺","宛平縣","民國","民國","","","卞乾孫","哈佛燕京圖書館藏珍稀方志","1939","1939","1911","1949","116.1922784","39.8409232"
"H0025","河北省正定縣事情調查","縣","河北","石家莊","正定縣","民國","民國","","","陳佩","哈佛燕京圖書館藏珍稀方志","1939","1939","1911","1949","114.570941","38.146444"
"H001A","河北省良鄉縣事情","縣","北京","房山","房山縣","民國","民國","","","卞乾孫","哈佛燕京圖書館藏珍稀方志","1939","1939","1911","1949","114.199134","38.247144"
"H0088","福建通志","省","福建","永安","福建省","民國","民國","民國二十八年(1939) 重修 (capa)","611卷","陳衍, 沈瑜慶纂修","哈佛燕京圖書館藏珍稀方志","1939","1942","1911","1949","117.9249002","26.4836842"
"H0008","新成都","市","四川","成都","成都","民國","民國","","","周芷穎","哈佛燕京圖書館藏珍稀方志","1943","1943","1911","1949","104.066801","30.572815"
"H0011","熱河新志","省","河北","承德","熱河省","民國","民國","","七章","武尚權著述","哈佛燕京圖書館藏珍稀方志","1943","1943","1911","1949","117.8754023","40.9867"
"H0018","青海志略","省","青海","西寧","青海省","民國","民國","","","許崇灝","哈佛燕京圖書館藏珍稀方志","1943","1943","1911","1949","101.4961271","36.6180593"
"H0015","新疆志略","省","新疆維吾爾自治區","迪化","新疆省","民國","民國","","","許崇灝","哈佛燕京圖書館藏珍稀方志","1944","1944","1911","1949","87.60406","43.79072"
"H0003","重慶要覽","市","四川","重慶","重慶","民國","民國","","","重慶市政府","哈佛燕京圖書館藏珍稀方志","1945","1945","1911","1949","106.912251","29.4315861"
"H0004","四川新地志","省","四川","成都","四川省","民國","民國","","不分卷","鄭勵儉","哈佛燕京圖書館藏珍稀方志","1947","1947","1911","1949","104.078","30.65039"
"H0021","瓊崖志略","省","海南","海口","瓊州府","民國","民國","","5章","許崇灝","哈佛燕京圖書館藏珍稀方志","1947","1947","1911","1949","109.949686","19.5663947"
"H0024","海南島新志","省","海南","海口","海南省","民國","民國","","11章","陳植","哈佛燕京圖書館藏珍稀方志","1949","1949","1911","1949","109.949686","19.5663947"
